[STAFF] 2026-10-01 00:14:35,243 [WARNING] STAFF pipe reconnect: [Errno 231] CreateNamedPipe
Traceback (most recent call last):
  File "program\event_pipe_host.py", line 101, in _run
    if not handle or handle==ctypes.c_void_p(-1).value:raise OSError(ctypes.get_last_error(),'CreateNamedPipe')
                                                       ^^^^^^^^^^^^^^^^^^^^^^^^^^^^^^^^^^^^^^^^^^^^^^^^^^^^^^^^
OSError: [Errno 231] CreateNamedPipe
[STAFF] 2026-10-01 00:14:35,445 [WARNING] STAFF pipe reconnect: [Errno 231] CreateNamedPipe
Traceback (most recent call last):
  File "program\event_pipe_host.py", line 101, in _run
    if not handle or handle==ctypes.c_void_p(-1).value:raise OSError(ctypes.get_last_error(),'CreateNamedPipe')
                                                       ^^^^^^^^^^^^^^^^^^^^^^^^^^^^^^^^^^^^^^^^^^^^^^^^^^^^^^^^
OSError: [Errno 231] CreateNamedPipe
[STAFF] 2026-10-01 00:14:35,649 [WARNING] STAFF pipe reconnect: [Errno 231] CreateNamedPipe
Traceback (most recent call last):
  File "program\event_pipe_host.py", line 101, in _run
    if not handle or handle==ctypes.c_void_p(-1).value:raise OSError(ctypes.get_last_error(),'CreateNamedPipe')
                                                       ^^^^^^^^^^^^^^^^^^^^^^^^^^^^^^^^^^^^^^^^^^^^^^^^^^^^^^^^
OSError: [Errno 231] CreateNamedPipe
[STAFF] 2026-10-01 00:14:35,851 [WARNING] STAFF pipe reconnect: [Errno 231] CreateNamedPipe
Traceback (most recent call last):
  File "program\event_pipe_host.py", line 101, in _run
    if not handle or handle==ctypes.c_void_p(-1).value:raise OSError(ctypes.get_last_error(),'CreateNamedPipe')
                                                       ^^^^^^^^^^^^^^^^^^^^^^^^^^^^^^^^^^^^^^^^^^^^^^^^^^^^^^^^
OSError: [Errno 231] CreateNamedPipe
[STAFF] 2026-10-01 00:14:36,053 [WARNING] STAFF pipe reconnect: [Errno 231] CreateNamedPipe
Traceback (most recent call last):
  File "program\event_pipe_host.py", line 101, in _run
    if not handle or handle==ctypes.c_void_p(-1).value:raise OSError(ctypes.get_last_error(),'CreateNamedPipe')
                                                       ^^^^^^^^^^^^^^^^^^^^^^^^^^^^^^^^^^^^^^^^^^^^^^^^^^^^^^^^
OSError: [Errno 231] CreateNamedPipe
[STAFF] 2026-10-01 00:14:36,255 [WARNING] STAFF pipe reconnect: [Errno 231] CreateNamedPipe
Traceback (most recent call last):
  File "program\event_pipe_host.py", line 101, in _run
    if not handle or handle==ctypes.c_void_p(-1).value:raise OSError(ctypes.get_last_error(),'CreateNamedPipe')
                                                       ^^^^^^^^^^^^^^^^^^^^^^^^^^^^^^^^^^^^^^^^^^^^^^^^^^^^^^^^
OSError: [Errno 231] CreateNamedPipe
[STAFF] 2026-10-01 00:14:36,455 [WARNING] STAFF pipe reconnect: [Errno 231] CreateNamedPipe
Traceback (most recent call last):
  File "program\event_pipe_host.py", line 101, in _run
    if not handle or handle==ctypes.c_void_p(-1).value:raise OSError(ctypes.get_last_error(),'CreateNamedPipe')
                                                       ^^^^^^^^^^^^^^^^^^^^^^^^^^^^^^^^^^^^^^^^^^^^^^^^^^^^^^^^
OSError: [Errno 231] CreateNamedPipe
[STAFF] 2026-10-01 00:14:36,655 [WARNING] STAFF pipe reconnect: [Errno 231] CreateNamedPipe
Traceback (most recent call last):
  File "program\event_pipe_host.py", line 101, in _run
    if not handle or handle==ctypes.c_void_p(-1).value:raise OSError(ctypes.get_last_error(),'CreateNamedPipe')
                                                       ^^^^^^^^^^^^^^^^^^^^^^^^^^^^^^^^^^^^^^^^^^^^^^^^^^^^^^^^
OSError: [Errno 231] CreateNamedPipe
[STAFF] 2026-10-01 00:14:36,856 [WARNING] STAFF pipe reconnect: [Errno 231] CreateNamedPipe
Traceback (most recent call last):
  File "program\event_pipe_host.py", line 101, in _run
    if not handle or handle==ctypes.c_void_p(-1).value:raise OSError(ctypes.get_last_error(),'CreateNamedPipe')
                                                       ^^^^^^^^^^^^^^^^^^^^^^^^^^^^^^^^^^^^^^^^^^^^^^^^^^^^^^^^
OSError: [Errno 231] CreateNamedPipe
[STAFF] 2026-10-01 00:14:37,057 [WARNING] STAFF pipe reconnect: [Errno 231] CreateNamedPipe
Traceback (most recent call last):
  File "program\event_pipe_host.py", line 101, in _run
    if not handle or handle==ctypes.c_void_p(-1).value:raise OSError(ctypes.get_last_error(),'CreateNamedPipe')
                                                       ^^^^^^^^^^^^^^^^^^^^^^^^^^^^^^^^^^^^^^^^^^^^^^^^^^^^^^^^
OSError: [Errno 231] CreateNamedPipe
[STAFF] 2026-10-01 00:14:37,258 [WARNING] STAFF pipe reconnect: [Errno 231] CreateNamedPipe
Traceback (most recent call last):
  File "program\event_pipe_host.py", line 101, in _run
    if not handle or handle==ctypes.c_void_p(-1).value:raise OSError(ctypes.get_last_error(),'CreateNamedPipe')
                                                       ^^^^^^^^^^^^^^^^^^^^^^^^^^^^^^^^^^^^^^^^^^^^^^^^^^^^^^^^
OSError: [Errno 231] CreateNamedPipe
[STAFF] 2026-10-01 00:14:37,459 [WARNING] STAFF pipe reconnect: [Errno 231] CreateNamedPipe
Traceback (most recent call last):
  File "program\event_pipe_host.py", line 101, in _run
    if not handle or handle==ctypes.c_void_p(-1).value:raise OSError(ctypes.get_last_error(),'CreateNamedPipe')
                                                       ^^^^^^^^^^^^^^^^^^^^^^^^^^^^^^^^^^^^^^^^^^^^^^^^^^^^^^^^
OSError: [Errno 231] CreateNamedPipe
[STAFF] 2026-10-01 00:14:37,659 [WARNING] STAFF pipe reconnect: [Errno 231] CreateNamedPipe
Traceback (most recent call last):
  File "program\event_pipe_host.py", line 101, in _run
    if not handle or handle==ctypes.c_void_p(-1).value:raise OSError(ctypes.get_last_error(),'CreateNamedPipe')
                                                       ^^^^^^^^^^^^^^^^^^^^^^^^^^^^^^^^^^^^^^^^^^^^^^^^^^^^^^^^
OSError: [Errno 231] CreateNamedPipe
[STAFF] 2026-10-01 00:14:37,860 [WARNING] STAFF pipe reconnect: [Errno 231] CreateNamedPipe
Traceback (most recent call last):
  File "program\event_pipe_host.py", line 101, in _run
    if not handle or handle==ctypes.c_void_p(-1).value:raise OSError(ctypes.get_last_error(),'CreateNamedPipe')
                                                       ^^^^^^^^^^^^^^^^^^^^^^^^^^^^^^^^^^^^^^^^^^^^^^^^^^^^^^^^
OSError: [Errno 231] CreateNamedPipe
[STAFF] 2026-10-01 00:14:38,061 [WARNING] STAFF pipe reconnect: [Errno 231] CreateNamedPipe
Traceback (most recent call last):
  File "program\event_pipe_host.py", line 101, in _run
    if not handle or handle==ctypes.c_void_p(-1).value:raise OSError(ctypes.get_last_error(),'CreateNamedPipe')
                                                       ^^^^^^^^^^^^^^^^^^^^^^^^^^^^^^^^^^^^^^^^^^^^^^^^^^^^^^^^
OSError: [Errno 231] CreateNamedPipe
[STAFF] 2026-10-01 00:14:38,262 [WARNING] STAFF pipe reconnect: [Errno 231] CreateNamedPipe
Traceback (most recent call last):
  File "program\event_pipe_host.py", line 101, in _run
    if not handle or handle==ctypes.c_void_p(-1).value:raise OSError(ctypes.get_last_error(),'CreateNamedPipe')
                                                       ^^^^^^^^^^^^^^^^^^^^^^^^^^^^^^^^^^^^^^^^^^^^^^^^^^^^^^^^
OSError: [Errno 231] CreateNamedPipe
[STAFF] 2026-10-01 00:14:38,463 [WARNING] STAFF pipe reconnect: [Errno 231] CreateNamedPipe
Traceback (most recent call last):
  File "program\event_pipe_host.py", line 101, in _run
    if not handle or handle==ctypes.c_void_p(-1).value:raise OSError(ctypes.get_last_error(),'CreateNamedPipe')
                                                       ^^^^^^^^^^^^^^^^^^^^^^^^^^^^^^^^^^^^^^^^^^^^^^^^^^^^^^^^
OSError: [Errno 231] CreateNamedPipe
[STAFF] 2026-10-01 00:14:38,665 [WARNING] STAFF pipe reconnect: [Errno 231] CreateNamedPipe
Traceback (most recent call last):
  File "program\event_pipe_host.py", line 101, in _run
    if not handle or handle==ctypes.c_void_p(-1).value:raise OSError(ctypes.get_last_error(),'CreateNamedPipe')
                                                       ^^^^^^^^^^^^^^^^^^^^^^^^^^^^^^^^^^^^^^^^^^^^^^^^^^^^^^^^
OSError: [Errno 231] CreateNamedPipe
[STAFF] 2026-10-01 00:14:38,866 [WARNING] STAFF pipe reconnect: [Errno 231] CreateNamedPipe
Traceback (most recent call last):
  File "program\event_pipe_host.py", line 101, in _run
    if not handle or handle==ctypes.c_void_p(-1).value:raise OSError(ctypes.get_last_error(),'CreateNamedPipe')
                                                       ^^^^^^^^^^^^^^^^^^^^^^^^^^^^^^^^^^^^^^^^^^^^^^^^^^^^^^^^
OSError: [Errno 231] CreateNamedPipe
[STAFF] 2026-10-01 00:14:39,067 [WARNING] STAFF pipe reconnect: [Errno 231] CreateNamedPipe
Traceback (most recent call last):
  File "program\event_pipe_host.py", line 101, in _run
    if not handle or handle==ctypes.c_void_p(-1).value:raise OSError(ctypes.get_last_error(),'CreateNamedPipe')
                                                       ^^^^^^^^^^^^^^^^^^^^^^^^^^^^^^^^^^^^^^^^^^^^^^^^^^^^^^^^
OSError: [Errno 231] CreateNamedPipe
[STAFF] 2026-10-01 00:14:39,268 [WARNING] STAFF pipe reconnect: [Errno 231] CreateNamedPipe
Traceback (most recent call last):
  File "program\event_pipe_host.py", line 101, in _run
    if not handle or handle==ctypes.c_void_p(-1).value:raise OSError(ctypes.get_last_error(),'CreateNamedPipe')
                                                       ^^^^^^^^^^^^^^^^^^^^^^^^^^^^^^^^^^^^^^^^^^^^^^^^^^^^^^^^
OSError: [Errno 231] CreateNamedPipe
[STAFF] 2026-10-01 00:14:39,468 [WARNING] STAFF pipe reconnect: [Errno 231] CreateNamedPipe
Traceback (most recent call last):
  File "program\event_pipe_host.py", line 101, in _run
    if not handle or handle==ctypes.c_void_p(-1).value:raise OSError(ctypes.get_last_error(),'CreateNamedPipe')
                                                       ^^^^^^^^^^^^^^^^^^^^^^^^^^^^^^^^^^^^^^^^^^^^^^^^^^^^^^^^
OSError: [Errno 231] CreateNamedPipe
[STAFF] 2026-10-01 00:14:39,669 [WARNING] STAFF pipe reconnect: [Errno 231] CreateNamedPipe
Traceback (most recent call last):
  File "program\event_pipe_host.py", line 101, in _run
    if not handle or handle==ctypes.c_void_p(-1).value:raise OSError(ctypes.get_last_error(),'CreateNamedPipe')
                                                       ^^^^^^^^^^^^^^^^^^^^^^^^^^^^^^^^^^^^^^^^^^^^^^^^^^^^^^^^
OSError: [Errno 231] CreateNamedPipe
[STAFF] 2026-10-01 00:14:39,870 [WARNING] STAFF pipe reconnect: [Errno 231] CreateNamedPipe
Traceback (most recent call last):
  File "program\event_pipe_host.py", line 101, in _run
    if not handle or handle==ctypes.c_void_p(-1).value:raise OSError(ctypes.get_last_error(),'CreateNamedPipe')
                                                       ^^^^^^^^^^^^^^^^^^^^^^^^^^^^^^^^^^^^^^^^^^^^^^^^^^^^^^^^
OSError: [Errno 231] CreateNamedPipe
[STAFF] 2026-10-01 00:14:40,071 [WARNING] STAFF pipe reconnect: [Errno 231] CreateNamedPipe
Traceback (most recent call last):
  File "program\event_pipe_host.py", line 101, in _run
    if not handle or handle==ctypes.c_void_p(-1).value:raise OSError(ctypes.get_last_error(),'CreateNamedPipe')
                                                       ^^^^^^^^^^^^^^^^^^^^^^^^^^^^^^^^^^^^^^^^^^^^^^^^^^^^^^^^
OSError: [Errno 231] CreateNamedPipe
[STAFF] 2026-10-01 00:14:40,271 [WARNING] STAFF pipe reconnect: [Errno 231] CreateNamedPipe
Traceback (most recent call last):
  File "program\event_pipe_host.py", line 101, in _run
    if not handle or handle==ctypes.c_void_p(-1).value:raise OSError(ctypes.get_last_error(),'CreateNamedPipe')
                                                       ^^^^^^^^^^^^^^^^^^^^^^^^^^^^^^^^^^^^^^^^^^^^^^^^^^^^^^^^
OSError: [Errno 231] CreateNamedPipe
[STAFF] 2026-10-01 00:14:40,472 [WARNING] STAFF pipe reconnect: [Errno 231] CreateNamedPipe
Traceback (most recent call last):
  File "program\event_pipe_host.py", line 101, in _run
    if not handle or handle==ctypes.c_void_p(-1).value:raise OSError(ctypes.get_last_error(),'CreateNamedPipe')
                                                       ^^^^^^^^^^^^^^^^^^^^^^^^^^^^^^^^^^^^^^^^^^^^^^^^^^^^^^^^
OSError: [Errno 231] CreateNamedPipe
[STAFF] 2026-10-01 00:14:40,674 [WARNING] STAFF pipe reconnect: [Errno 231] CreateNamedPipe
Traceback (most recent call last):
  File "program\event_pipe_host.py", line 101, in _run
    if not handle or handle==ctypes.c_void_p(-1).value:raise OSError(ctypes.get_last_error(),'CreateNamedPipe')
                                                       ^^^^^^^^^^^^^^^^^^^^^^^^^^^^^^^^^^^^^^^^^^^^^^^^^^^^^^^^
OSError: [Errno 231] CreateNamedPipe
[STAFF] 2026-10-01 00:14:40,876 [WARNING] STAFF pipe reconnect: [Errno 231] CreateNamedPipe
Traceback (most recent call last):
  File "program\event_pipe_host.py", line 101, in _run
    if not handle or handle==ctypes.c_void_p(-1).value:raise OSError(ctypes.get_last_error(),'CreateNamedPipe')
                                                       ^^^^^^^^^^^^^^^^^^^^^^^^^^^^^^^^^^^^^^^^^^^^^^^^^^^^^^^^
OSError: [Errno 231] CreateNamedPipe
[STAFF] 2026-10-01 00:14:41,077 [WARNING] STAFF pipe reconnect: [Errno 231] CreateNamedPipe
Traceback (most recent call last):
  File "program\event_pipe_host.py", line 101, in _run
    if not handle or handle==ctypes.c_void_p(-1).value:raise OSError(ctypes.get_last_error(),'CreateNamedPipe')
                                                       ^^^^^^^^^^^^^^^^^^^^^^^^^^^^^^^^^^^^^^^^^^^^^^^^^^^^^^^^
OSError: [Errno 231] CreateNamedPipe
[STAFF] 2026-10-01 00:14:41,278 [WARNING] STAFF pipe reconnect: [Errno 231] CreateNamedPipe
Traceback (most recent call last):
  File "program\event_pipe_host.py", line 101, in _run
    if not handle or handle==ctypes.c_void_p(-1).value:raise OSError(ctypes.get_last_error(),'CreateNamedPipe')
                                                       ^^^^^^^^^^^^^^^^^^^^^^^^^^^^^^^^^^^^^^^^^^^^^^^^^^^^^^^^
OSError: [Errno 231] CreateNamedPipe
[STAFF] 2026-10-01 00:14:41,479 [WARNING] STAFF pipe reconnect: [Errno 231] CreateNamedPipe
Traceback (most recent call last):
  File "program\event_pipe_host.py", line 101, in _run
    if not handle or handle==ctypes.c_void_p(-1).value:raise OSError(ctypes.get_last_error(),'CreateNamedPipe')
                                                       ^^^^^^^^^^^^^^^^^^^^^^^^^^^^^^^^^^^^^^^^^^^^^^^^^^^^^^^^
OSError: [Errno 231] CreateNamedPipe
[STAFF] 2026-10-01 00:14:41,681 [WARNING] STAFF pipe reconnect: [Errno 231] CreateNamedPipe
Traceback (most recent call last):
  File "program\event_pipe_host.py", line 101, in _run
    if not handle or handle==ctypes.c_void_p(-1).value:raise OSError(ctypes.get_last_error(),'CreateNamedPipe')
                                                       ^^^^^^^^^^^^^^^^^^^^^^^^^^^^^^^^^^^^^^^^^^^^^^^^^^^^^^^^
OSError: [Errno 231] CreateNamedPipe
[STAFF] 2026-10-01 00:14:41,882 [WARNING] STAFF pipe reconnect: [Errno 231] CreateNamedPipe
Traceback (most recent call last):
  File "program\event_pipe_host.py", line 101, in _run
    if not handle or handle==ctypes.c_void_p(-1).value:raise OSError(ctypes.get_last_error(),'CreateNamedPipe')
                                                       ^^^^^^^^^^^^^^^^^^^^^^^^^^^^^^^^^^^^^^^^^^^^^^^^^^^^^^^^
OSError: [Errno 231] CreateNamedPipe
[STAFF] 2026-10-01 00:14:42,083 [WARNING] STAFF pipe reconnect: [Errno 231] CreateNamedPipe
Traceback (most recent call last):
  File "program\event_pipe_host.py", line 101, in _run
    if not handle or handle==ctypes.c_void_p(-1).value:raise OSError(ctypes.get_last_error(),'CreateNamedPipe')
                                                       ^^^^^^^^^^^^^^^^^^^^^^^^^^^^^^^^^^^^^^^^^^^^^^^^^^^^^^^^
OSError: [Errno 231] CreateNamedPipe
[STAFF] 2026-10-01 00:14:42,285 [WARNING] STAFF pipe reconnect: [Errno 231] CreateNamedPipe
Traceback (most recent call last):
  File "program\event_pipe_host.py", line 101, in _run
    if not handle or handle==ctypes.c_void_p(-1).value:raise OSError(ctypes.get_last_error(),'CreateNamedPipe')
                                                       ^^^^^^^^^^^^^^^^^^^^^^^^^^^^^^^^^^^^^^^^^^^^^^^^^^^^^^^^
OSError: [Errno 231] CreateNamedPipe
[STAFF] 2026-10-01 00:14:42,487 [WARNING] STAFF pipe reconnect: [Errno 231] CreateNamedPipe
Traceback (most recent call last):
  File "program\event_pipe_host.py", line 101, in _run
    if not handle or handle==ctypes.c_void_p(-1).value:raise OSError(ctypes.get_last_error(),'CreateNamedPipe')
                                                       ^^^^^^^^^^^^^^^^^^^^^^^^^^^^^^^^^^^^^^^^^^^^^^^^^^^^^^^^
OSError: [Errno 231] CreateNamedPipe
[STAFF] 2026-10-01 00:14:42,689 [WARNING] STAFF pipe reconnect: [Errno 231] CreateNamedPipe
Traceback (most recent call last):
  File "program\event_pipe_host.py", line 101, in _run
    if not handle or handle==ctypes.c_void_p(-1).value:raise OSError(ctypes.get_last_error(),'CreateNamedPipe')
                                                       ^^^^^^^^^^^^^^^^^^^^^^^^^^^^^^^^^^^^^^^^^^^^^^^^^^^^^^^^
OSError: [Errno 231] CreateNamedPipe
[STAFF] 2026-10-01 00:14:42,890 [WARNING] STAFF pipe reconnect: [Errno 231] CreateNamedPipe
Traceback (most recent call last):
  File "program\event_pipe_host.py", line 101, in _run
    if not handle or handle==ctypes.c_void_p(-1).value:raise OSError(ctypes.get_last_error(),'CreateNamedPipe')
                                                       ^^^^^^^^^^^^^^^^^^^^^^^^^^^^^^^^^^^^^^^^^^^^^^^^^^^^^^^^
OSError: [Errno 231] CreateNamedPipe
[STAFF] 2026-10-01 00:14:43,091 [WARNING] STAFF pipe reconnect: [Errno 231] CreateNamedPipe
Traceback (most recent call last):
  File "program\event_pipe_host.py", line 101, in _run
    if not handle or handle==ctypes.c_void_p(-1).value:raise OSError(ctypes.get_last_error(),'CreateNamedPipe')
                                                       ^^^^^^^^^^^^^^^^^^^^^^^^^^^^^^^^^^^^^^^^^^^^^^^^^^^^^^^^
OSError: [Errno 231] CreateNamedPipe
[STAFF] 2026-10-01 00:14:43,293 [WARNING] STAFF pipe reconnect: [Errno 231] CreateNamedPipe
Traceback (most recent call last):
  File "program\event_pipe_host.py", line 101, in _run
    if not handle or handle==ctypes.c_void_p(-1).value:raise OSError(ctypes.get_last_error(),'CreateNamedPipe')
                                                       ^^^^^^^^^^^^^^^^^^^^^^^^^^^^^^^^^^^^^^^^^^^^^^^^^^^^^^^^
OSError: [Errno 231] CreateNamedPipe
[STAFF] 2026-10-01 00:14:43,495 [WARNING] STAFF pipe reconnect: [Errno 231] CreateNamedPipe
Traceback (most recent call last):
  File "program\event_pipe_host.py", line 101, in _run
    if not handle or handle==ctypes.c_void_p(-1).value:raise OSError(ctypes.get_last_error(),'CreateNamedPipe')
                                                       ^^^^^^^^^^^^^^^^^^^^^^^^^^^^^^^^^^^^^^^^^^^^^^^^^^^^^^^^
OSError: [Errno 231] CreateNamedPipe
[STAFF] 2026-10-01 00:14:43,699 [WARNING] STAFF pipe reconnect: [Errno 231] CreateNamedPipe
Traceback (most recent call last):
  File "program\event_pipe_host.py", line 101, in _run
    if not handle or handle==ctypes.c_void_p(-1).value:raise OSError(ctypes.get_last_error(),'CreateNamedPipe')
                                                       ^^^^^^^^^^^^^^^^^^^^^^^^^^^^^^^^^^^^^^^^^^^^^^^^^^^^^^^^
OSError: [Errno 231] CreateNamedPipe
[STAFF] 2026-10-01 00:14:43,900 [WARNING] STAFF pipe reconnect: [Errno 231] CreateNamedPipe
Traceback (most recent call last):
  File "program\event_pipe_host.py", line 101, in _run
    if not handle or handle==ctypes.c_void_p(-1).value:raise OSError(ctypes.get_last_error(),'CreateNamedPipe')
                                                       ^^^^^^^^^^^^^^^^^^^^^^^^^^^^^^^^^^^^^^^^^^^^^^^^^^^^^^^^
OSError: [Errno 231] CreateNamedPipe
[STAFF] 2026-10-01 00:14:44,101 [WARNING] STAFF pipe reconnect: [Errno 231] CreateNamedPipe
Traceback (most recent call last):
  File "program\event_pipe_host.py", line 101, in _run
    if not handle or handle==ctypes.c_void_p(-1).value:raise OSError(ctypes.get_last_error(),'CreateNamedPipe')
                                                       ^^^^^^^^^^^^^^^^^^^^^^^^^^^^^^^^^^^^^^^^^^^^^^^^^^^^^^^^
OSError: [Errno 231] CreateNamedPipe
[STAFF] 2026-10-01 00:14:44,302 [WARNING] STAFF pipe reconnect: [Errno 231] CreateNamedPipe
Traceback (most recent call last):
  File "program\event_pipe_host.py", line 101, in _run
    if not handle or handle==ctypes.c_void_p(-1).value:raise OSError(ctypes.get_last_error(),'CreateNamedPipe')
                                                       ^^^^^^^^^^^^^^^^^^^^^^^^^^^^^^^^^^^^^^^^^^^^^^^^^^^^^^^^
OSError: [Errno 231] CreateNamedPipe
[STAFF] 2026-10-01 00:14:44,504 [WARNING] STAFF pipe reconnect: [Errno 231] CreateNamedPipe
Traceback (most recent call last):
  File "program\event_pipe_host.py", line 101, in _run
    if not handle or handle==ctypes.c_void_p(-1).value:raise OSError(ctypes.get_last_error(),'CreateNamedPipe')
                                                       ^^^^^^^^^^^^^^^^^^^^^^^^^^^^^^^^^^^^^^^^^^^^^^^^^^^^^^^^
OSError: [Errno 231] CreateNamedPipe
[STAFF] 2026-10-01 00:14:44,706 [WARNING] STAFF pipe reconnect: [Errno 231] CreateNamedPipe
Traceback (most recent call last):
  File "program\event_pipe_host.py", line 101, in _run
    if not handle or handle==ctypes.c_void_p(-1).value:raise OSError(ctypes.get_last_error(),'CreateNamedPipe')
                                                       ^^^^^^^^^^^^^^^^^^^^^^^^^^^^^^^^^^^^^^^^^^^^^^^^^^^^^^^^
OSError: [Errno 231] CreateNamedPipe
[STAFF] 2026-10-01 00:14:44,907 [WARNING] STAFF pipe reconnect: [Errno 231] CreateNamedPipe
Traceback (most recent call last):
  File "program\event_pipe_host.py", line 101, in _run
    if not handle or handle==ctypes.c_void_p(-1).value:raise OSError(ctypes.get_last_error(),'CreateNamedPipe')
                                                       ^^^^^^^^^^^^^^^^^^^^^^^^^^^^^^^^^^^^^^^^^^^^^^^^^^^^^^^^
OSError: [Errno 231] CreateNamedPipe
[STAFF] 2026-10-01 00:14:45,109 [WARNING] STAFF pipe reconnect: [Errno 231] CreateNamedPipe
Traceback (most recent call last):
  File "program\event_pipe_host.py", line 101, in _run
    if not handle or handle==ctypes.c_void_p(-1).value:raise OSError(ctypes.get_last_error(),'CreateNamedPipe')
                                                       ^^^^^^^^^^^^^^^^^^^^^^^^^^^^^^^^^^^^^^^^^^^^^^^^^^^^^^^^
OSError: [Errno 231] CreateNamedPipe
[STAFF] 2026-10-01 00:14:45,311 [WARNING] STAFF pipe reconnect: [Errno 231] CreateNamedPipe
Traceback (most recent call last):
  File "program\event_pipe_host.py", line 101, in _run
    if not handle or handle==ctypes.c_void_p(-1).value:raise OSError(ctypes.get_last_error(),'CreateNamedPipe')
                                                       ^^^^^^^^^^^^^^^^^^^^^^^^^^^^^^^^^^^^^^^^^^^^^^^^^^^^^^^^
OSError: [Errno 231] CreateNamedPipe
[STAFF] 2026-10-01 00:14:45,512 [WARNING] STAFF pipe reconnect: [Errno 231] CreateNamedPipe
Traceback (most recent call last):
  File "program\event_pipe_host.py", line 101, in _run
    if not handle or handle==ctypes.c_void_p(-1).value:raise OSError(ctypes.get_last_error(),'CreateNamedPipe')
                                                       ^^^^^^^^^^^^^^^^^^^^^^^^^^^^^^^^^^^^^^^^^^^^^^^^^^^^^^^^
OSError: [Errno 231] CreateNamedPipe
[STAFF] 2026-10-01 00:14:45,713 [WARNING] STAFF pipe reconnect: [Errno 231] CreateNamedPipe
Traceback (most recent call last):
  File "program\event_pipe_host.py", line 101, in _run
    if not handle or handle==ctypes.c_void_p(-1).value:raise OSError(ctypes.get_last_error(),'CreateNamedPipe')
                                                       ^^^^^^^^^^^^^^^^^^^^^^^^^^^^^^^^^^^^^^^^^^^^^^^^^^^^^^^^
OSError: [Errno 231] CreateNamedPipe
[STAFF] 2026-10-01 00:14:45,916 [WARNING] STAFF pipe reconnect: [Errno 231] CreateNamedPipe
Traceback (most recent call last):
  File "program\event_pipe_host.py", line 101, in _run
    if not handle or handle==ctypes.c_void_p(-1).value:raise OSError(ctypes.get_last_error(),'CreateNamedPipe')
                                                       ^^^^^^^^^^^^^^^^^^^^^^^^^^^^^^^^^^^^^^^^^^^^^^^^^^^^^^^^
OSError: [Errno 231] CreateNamedPipe
[STAFF] 2026-10-01 00:14:46,117 [WARNING] STAFF pipe reconnect: [Errno 231] CreateNamedPipe
Traceback (most recent call last):
  File "program\event_pipe_host.py", line 101, in _run
    if not handle or handle==ctypes.c_void_p(-1).value:raise OSError(ctypes.get_last_error(),'CreateNamedPipe')
                                                       ^^^^^^^^^^^^^^^^^^^^^^^^^^^^^^^^^^^^^^^^^^^^^^^^^^^^^^^^
OSError: [Errno 231] CreateNamedPipe
[STAFF] 2026-10-01 00:14:46,318 [WARNING] STAFF pipe reconnect: [Errno 231] CreateNamedPipe
Traceback (most recent call last):
  File "program\event_pipe_host.py", line 101, in _run
    if not handle or handle==ctypes.c_void_p(-1).value:raise OSError(ctypes.get_last_error(),'CreateNamedPipe')
                                                       ^^^^^^^^^^^^^^^^^^^^^^^^^^^^^^^^^^^^^^^^^^^^^^^^^^^^^^^^
OSError: [Errno 231] CreateNamedPipe
[STAFF] 2026-10-01 00:14:46,520 [WARNING] STAFF pipe reconnect: [Errno 231] CreateNamedPipe
Traceback (most recent call last):
  File "program\event_pipe_host.py", line 101, in _run
    if not handle or handle==ctypes.c_void_p(-1).value:raise OSError(ctypes.get_last_error(),'CreateNamedPipe')
                                                       ^^^^^^^^^^^^^^^^^^^^^^^^^^^^^^^^^^^^^^^^^^^^^^^^^^^^^^^^
OSError: [Errno 231] CreateNamedPipe
[STAFF] 2026-10-01 00:14:46,722 [WARNING] STAFF pipe reconnect: [Errno 231] CreateNamedPipe
Traceback (most recent call last):
  File "program\event_pipe_host.py", line 101, in _run
    if not handle or handle==ctypes.c_void_p(-1).value:raise OSError(ctypes.get_last_error(),'CreateNamedPipe')
                                                       ^^^^^^^^^^^^^^^^^^^^^^^^^^^^^^^^^^^^^^^^^^^^^^^^^^^^^^^^
OSError: [Errno 231] CreateNamedPipe
[STAFF] 2026-10-01 00:14:46,924 [WARNING] STAFF pipe reconnect: [Errno 231] CreateNamedPipe
Traceback (most recent call last):
  File "program\event_pipe_host.py", line 101, in _run
    if not handle or handle==ctypes.c_void_p(-1).value:raise OSError(ctypes.get_last_error(),'CreateNamedPipe')
                                                       ^^^^^^^^^^^^^^^^^^^^^^^^^^^^^^^^^^^^^^^^^^^^^^^^^^^^^^^^
OSError: [Errno 231] CreateNamedPipe
[STAFF] 2026-10-01 00:14:47,125 [WARNING] STAFF pipe reconnect: [Errno 231] CreateNamedPipe
Traceback (most recent call last):
  File "program\event_pipe_host.py", line 101, in _run
    if not handle or handle==ctypes.c_void_p(-1).value:raise OSError(ctypes.get_last_error(),'CreateNamedPipe')
                                                       ^^^^^^^^^^^^^^^^^^^^^^^^^^^^^^^^^^^^^^^^^^^^^^^^^^^^^^^^
OSError: [Errno 231] CreateNamedPipe
[STAFF] 2026-10-01 00:14:47,326 [WARNING] STAFF pipe reconnect: [Errno 231] CreateNamedPipe
Traceback (most recent call last):
  File "program\event_pipe_host.py", line 101, in _run
    if not handle or handle==ctypes.c_void_p(-1).value:raise OSError(ctypes.get_last_error(),'CreateNamedPipe')
                                                       ^^^^^^^^^^^^^^^^^^^^^^^^^^^^^^^^^^^^^^^^^^^^^^^^^^^^^^^^
OSError: [Errno 231] CreateNamedPipe
[STAFF] 2026-10-01 00:14:47,528 [WARNING] STAFF pipe reconnect: [Errno 231] CreateNamedPipe
Traceback (most recent call last):
  File "program\event_pipe_host.py", line 101, in _run
    if not handle or handle==ctypes.c_void_p(-1).value:raise OSError(ctypes.get_last_error(),'CreateNamedPipe')
                                                       ^^^^^^^^^^^^^^^^^^^^^^^^^^^^^^^^^^^^^^^^^^^^^^^^^^^^^^^^
OSError: [Errno 231] CreateNamedPipe
[STAFF] 2026-10-01 00:14:47,728 [WARNING] STAFF pipe reconnect: [Errno 231] CreateNamedPipe
Traceback (most recent call last):
  File "program\event_pipe_host.py", line 101, in _run
    if not handle or handle==ctypes.c_void_p(-1).value:raise OSError(ctypes.get_last_error(),'CreateNamedPipe')
                                                       ^^^^^^^^^^^^^^^^^^^^^^^^^^^^^^^^^^^^^^^^^^^^^^^^^^^^^^^^
OSError: [Errno 231] CreateNamedPipe
[STAFF] 2026-10-01 00:14:47,930 [WARNING] STAFF pipe reconnect: [Errno 231] CreateNamedPipe
Traceback (most recent call last):
  File "program\event_pipe_host.py", line 101, in _run
    if not handle or handle==ctypes.c_void_p(-1).value:raise OSError(ctypes.get_last_error(),'CreateNamedPipe')
                                                       ^^^^^^^^^^^^^^^^^^^^^^^^^^^^^^^^^^^^^^^^^^^^^^^^^^^^^^^^
OSError: [Errno 231] CreateNamedPipe
[STAFF] 2026-10-01 00:14:48,131 [WARNING] STAFF pipe reconnect: [Errno 231] CreateNamedPipe
Traceback (most recent call last):
  File "program\event_pipe_host.py", line 101, in _run
    if not handle or handle==ctypes.c_void_p(-1).value:raise OSError(ctypes.get_last_error(),'CreateNamedPipe')
                                                       ^^^^^^^^^^^^^^^^^^^^^^^^^^^^^^^^^^^^^^^^^^^^^^^^^^^^^^^^
OSError: [Errno 231] CreateNamedPipe
[STAFF] 2026-10-01 00:14:48,333 [WARNING] STAFF pipe reconnect: [Errno 231] CreateNamedPipe
Traceback (most recent call last):
  File "program\event_pipe_host.py", line 101, in _run
    if not handle or handle==ctypes.c_void_p(-1).value:raise OSError(ctypes.get_last_error(),'CreateNamedPipe')
                                                       ^^^^^^^^^^^^^^^^^^^^^^^^^^^^^^^^^^^^^^^^^^^^^^^^^^^^^^^^
OSError: [Errno 231] CreateNamedPipe
[STAFF] 2026-10-01 00:14:48,534 [WARNING] STAFF pipe reconnect: [Errno 231] CreateNamedPipe
Traceback (most recent call last):
  File "program\event_pipe_host.py", line 101, in _run
    if not handle or handle==ctypes.c_void_p(-1).value:raise OSError(ctypes.get_last_error(),'CreateNamedPipe')
                                                       ^^^^^^^^^^^^^^^^^^^^^^^^^^^^^^^^^^^^^^^^^^^^^^^^^^^^^^^^
OSError: [Errno 231] CreateNamedPipe
[STAFF] 2026-10-01 00:14:48,735 [WARNING] STAFF pipe reconnect: [Errno 231] CreateNamedPipe
Traceback (most recent call last):
  File "program\event_pipe_host.py", line 101, in _run
    if not handle or handle==ctypes.c_void_p(-1).value:raise OSError(ctypes.get_last_error(),'CreateNamedPipe')
                                                       ^^^^^^^^^^^^^^^^^^^^^^^^^^^^^^^^^^^^^^^^^^^^^^^^^^^^^^^^
OSError: [Errno 231] CreateNamedPipe
[STAFF] 2026-10-01 00:14:48,936 [WARNING] STAFF pipe reconnect: [Errno 231] CreateNamedPipe
Traceback (most recent call last):
  File "program\event_pipe_host.py", line 101, in _run
    if not handle or handle==ctypes.c_void_p(-1).value:raise OSError(ctypes.get_last_error(),'CreateNamedPipe')
                                                       ^^^^^^^^^^^^^^^^^^^^^^^^^^^^^^^^^^^^^^^^^^^^^^^^^^^^^^^^
OSError: [Errno 231] CreateNamedPipe
[STAFF] 2026-10-01 00:14:49,139 [WARNING] STAFF pipe reconnect: [Errno 231] CreateNamedPipe
Traceback (most recent call last):
  File "program\event_pipe_host.py", line 101, in _run
    if not handle or handle==ctypes.c_void_p(-1).value:raise OSError(ctypes.get_last_error(),'CreateNamedPipe')
                                                       ^^^^^^^^^^^^^^^^^^^^^^^^^^^^^^^^^^^^^^^^^^^^^^^^^^^^^^^^
OSError: [Errno 231] CreateNamedPipe
[STAFF] 2026-10-01 00:14:49,340 [WARNING] STAFF pipe reconnect: [Errno 231] CreateNamedPipe
Traceback (most recent call last):
  File "program\event_pipe_host.py", line 101, in _run
    if not handle or handle==ctypes.c_void_p(-1).value:raise OSError(ctypes.get_last_error(),'CreateNamedPipe')
                                                       ^^^^^^^^^^^^^^^^^^^^^^^^^^^^^^^^^^^^^^^^^^^^^^^^^^^^^^^^
OSError: [Errno 231] CreateNamedPipe
[STAFF] 2026-10-01 00:14:49,541 [WARNING] STAFF pipe reconnect: [Errno 231] CreateNamedPipe
Traceback (most recent call last):
  File "program\event_pipe_host.py", line 101, in _run
    if not handle or handle==ctypes.c_void_p(-1).value:raise OSError(ctypes.get_last_error(),'CreateNamedPipe')
                                                       ^^^^^^^^^^^^^^^^^^^^^^^^^^^^^^^^^^^^^^^^^^^^^^^^^^^^^^^^
OSError: [Errno 231] CreateNamedPipe
[STAFF] 2026-10-01 00:14:49,743 [WARNING] STAFF pipe reconnect: [Errno 231] CreateNamedPipe
Traceback (most recent call last):
  File "program\event_pipe_host.py", line 101, in _run
    if not handle or handle==ctypes.c_void_p(-1).value:raise OSError(ctypes.get_last_error(),'CreateNamedPipe')
                                                       ^^^^^^^^^^^^^^^^^^^^^^^^^^^^^^^^^^^^^^^^^^^^^^^^^^^^^^^^
OSError: [Errno 231] CreateNamedPipe
[STAFF] 2026-10-01 00:14:49,944 [WARNING] STAFF pipe reconnect: [Errno 231] CreateNamedPipe
Traceback (most recent call last):
  File "program\event_pipe_host.py", line 101, in _run
    if not handle or handle==ctypes.c_void_p(-1).value:raise OSError(ctypes.get_last_error(),'CreateNamedPipe')
                                                       ^^^^^^^^^^^^^^^^^^^^^^^^^^^^^^^^^^^^^^^^^^^^^^^^^^^^^^^^
OSError: [Errno 231] CreateNamedPipe
[STAFF] 2026-10-01 00:14:50,144 [WARNING] STAFF pipe reconnect: [Errno 231] CreateNamedPipe
Traceback (most recent call last):
  File "program\event_pipe_host.py", line 101, in _run
    if not handle or handle==ctypes.c_void_p(-1).value:raise OSError(ctypes.get_last_error(),'CreateNamedPipe')
                                                       ^^^^^^^^^^^^^^^^^^^^^^^^^^^^^^^^^^^^^^^^^^^^^^^^^^^^^^^^
OSError: [Errno 231] CreateNamedPipe
[STAFF] 2026-10-01 00:14:50,345 [WARNING] STAFF pipe reconnect: [Errno 231] CreateNamedPipe
Traceback (most recent call last):
  File "program\event_pipe_host.py", line 101, in _run
    if not handle or handle==ctypes.c_void_p(-1).value:raise OSError(ctypes.get_last_error(),'CreateNamedPipe')
                                                       ^^^^^^^^^^^^^^^^^^^^^^^^^^^^^^^^^^^^^^^^^^^^^^^^^^^^^^^^
OSError: [Errno 231] CreateNamedPipe
[STAFF] 2026-10-01 00:14:50,548 [WARNING] STAFF pipe reconnect: [Errno 231] CreateNamedPipe
Traceback (most recent call last):
  File "program\event_pipe_host.py", line 101, in _run
    if not handle or handle==ctypes.c_void_p(-1).value:raise OSError(ctypes.get_last_error(),'CreateNamedPipe')
                                                       ^^^^^^^^^^^^^^^^^^^^^^^^^^^^^^^^^^^^^^^^^^^^^^^^^^^^^^^^
OSError: [Errno 231] CreateNamedPipe
[STAFF] 2026-10-01 00:14:50,749 [WARNING] STAFF pipe reconnect: [Errno 231] CreateNamedPipe
Traceback (most recent call last):
  File "program\event_pipe_host.py", line 101, in _run
    if not handle or handle==ctypes.c_void_p(-1).value:raise OSError(ctypes.get_last_error(),'CreateNamedPipe')
                                                       ^^^^^^^^^^^^^^^^^^^^^^^^^^^^^^^^^^^^^^^^^^^^^^^^^^^^^^^^
OSError: [Errno 231] CreateNamedPipe
[STAFF] 2026-10-01 00:14:50,950 [WARNING] STAFF pipe reconnect: [Errno 231] CreateNamedPipe
Traceback (most recent call last):
  File "program\event_pipe_host.py", line 101, in _run
    if not handle or handle==ctypes.c_void_p(-1).value:raise OSError(ctypes.get_last_error(),'CreateNamedPipe')
                                                       ^^^^^^^^^^^^^^^^^^^^^^^^^^^^^^^^^^^^^^^^^^^^^^^^^^^^^^^^
OSError: [Errno 231] CreateNamedPipe
[STAFF] 2026-10-01 00:14:51,152 [WARNING] STAFF pipe reconnect: [Errno 231] CreateNamedPipe
Traceback (most recent call last):
  File "program\event_pipe_host.py", line 101, in _run
    if not handle or handle==ctypes.c_void_p(-1).value:raise OSError(ctypes.get_last_error(),'CreateNamedPipe')
                                                       ^^^^^^^^^^^^^^^^^^^^^^^^^^^^^^^^^^^^^^^^^^^^^^^^^^^^^^^^
OSError: [Errno 231] CreateNamedPipe
[STAFF] 2026-10-01 00:14:51,354 [WARNING] STAFF pipe reconnect: [Errno 231] CreateNamedPipe
Traceback (most recent call last):
  File "program\event_pipe_host.py", line 101, in _run
    if not handle or handle==ctypes.c_void_p(-1).value:raise OSError(ctypes.get_last_error(),'CreateNamedPipe')
                                                       ^^^^^^^^^^^^^^^^^^^^^^^^^^^^^^^^^^^^^^^^^^^^^^^^^^^^^^^^
OSError: [Errno 231] CreateNamedPipe
[STAFF] 2026-10-01 00:14:51,555 [WARNING] STAFF pipe reconnect: [Errno 231] CreateNamedPipe
Traceback (most recent call last):
  File "program\event_pipe_host.py", line 101, in _run
    if not handle or handle==ctypes.c_void_p(-1).value:raise OSError(ctypes.get_last_error(),'CreateNamedPipe')
                                                       ^^^^^^^^^^^^^^^^^^^^^^^^^^^^^^^^^^^^^^^^^^^^^^^^^^^^^^^^
OSError: [Errno 231] CreateNamedPipe
[STAFF] 2026-10-01 00:14:51,757 [WARNING] STAFF pipe reconnect: [Errno 231] CreateNamedPipe
Traceback (most recent call last):
  File "program\event_pipe_host.py", line 101, in _run
    if not handle or handle==ctypes.c_void_p(-1).value:raise OSError(ctypes.get_last_error(),'CreateNamedPipe')
                                                       ^^^^^^^^^^^^^^^^^^^^^^^^^^^^^^^^^^^^^^^^^^^^^^^^^^^^^^^^
OSError: [Errno 231] CreateNamedPipe
[STAFF] 2026-10-01 00:14:51,959 [WARNING] STAFF pipe reconnect: [Errno 231] CreateNamedPipe
Traceback (most recent call last):
  File "program\event_pipe_host.py", line 101, in _run
    if not handle or handle==ctypes.c_void_p(-1).value:raise OSError(ctypes.get_last_error(),'CreateNamedPipe')
                                                       ^^^^^^^^^^^^^^^^^^^^^^^^^^^^^^^^^^^^^^^^^^^^^^^^^^^^^^^^
OSError: [Errno 231] CreateNamedPipe
[STAFF] 2026-10-01 00:14:52,160 [WARNING] STAFF pipe reconnect: [Errno 231] CreateNamedPipe
Traceback (most recent call last):
  File "program\event_pipe_host.py", line 101, in _run
    if not handle or handle==ctypes.c_void_p(-1).value:raise OSError(ctypes.get_last_error(),'CreateNamedPipe')
                                                       ^^^^^^^^^^^^^^^^^^^^^^^^^^^^^^^^^^^^^^^^^^^^^^^^^^^^^^^^
OSError: [Errno 231] CreateNamedPipe
[STAFF] 2026-10-01 00:14:52,361 [WARNING] STAFF pipe reconnect: [Errno 231] CreateNamedPipe
Traceback (most recent call last):
  File "program\event_pipe_host.py", line 101, in _run
    if not handle or handle==ctypes.c_void_p(-1).value:raise OSError(ctypes.get_last_error(),'CreateNamedPipe')
                                                       ^^^^^^^^^^^^^^^^^^^^^^^^^^^^^^^^^^^^^^^^^^^^^^^^^^^^^^^^
OSError: [Errno 231] CreateNamedPipe
[STAFF] 2026-10-01 00:14:52,563 [WARNING] STAFF pipe reconnect: [Errno 231] CreateNamedPipe
Traceback (most recent call last):
  File "program\event_pipe_host.py", line 101, in _run
    if not handle or handle==ctypes.c_void_p(-1).value:raise OSError(ctypes.get_last_error(),'CreateNamedPipe')
                                                       ^^^^^^^^^^^^^^^^^^^^^^^^^^^^^^^^^^^^^^^^^^^^^^^^^^^^^^^^
OSError: [Errno 231] CreateNamedPipe
[STAFF] 2026-10-01 00:14:52,764 [WARNING] STAFF pipe reconnect: [Errno 231] CreateNamedPipe
Traceback (most recent call last):
  File "program\event_pipe_host.py", line 101, in _run
    if not handle or handle==ctypes.c_void_p(-1).value:raise OSError(ctypes.get_last_error(),'CreateNamedPipe')
                                                       ^^^^^^^^^^^^^^^^^^^^^^^^^^^^^^^^^^^^^^^^^^^^^^^^^^^^^^^^
OSError: [Errno 231] CreateNamedPipe
[STAFF] 2026-10-01 00:14:53,076 [WARNING] STAFF pipe reconnect: [Errno 231] CreateNamedPipe
Traceback (most recent call last):
  File "program\event_pipe_host.py", line 101, in _run
    if not handle or handle==ctypes.c_void_p(-1).value:raise OSError(ctypes.get_last_error(),'CreateNamedPipe')
                                                       ^^^^^^^^^^^^^^^^^^^^^^^^^^^^^^^^^^^^^^^^^^^^^^^^^^^^^^^^
OSError: [Errno 231] CreateNamedPipe
[STAFF] 2026-10-01 00:14:53,278 [WARNING] STAFF pipe reconnect: [Errno 231] CreateNamedPipe
Traceback (most recent call last):
  File "program\event_pipe_host.py", line 101, in _run
    if not handle or handle==ctypes.c_void_p(-1).value:raise OSError(ctypes.get_last_error(),'CreateNamedPipe')
                                                       ^^^^^^^^^^^^^^^^^^^^^^^^^^^^^^^^^^^^^^^^^^^^^^^^^^^^^^^^
OSError: [Errno 231] CreateNamedPipe
[STAFF] 2026-10-01 00:14:53,478 [WARNING] STAFF pipe reconnect: [Errno 231] CreateNamedPipe
Traceback (most recent call last):
  File "program\event_pipe_host.py", line 101, in _run
    if not handle or handle==ctypes.c_void_p(-1).value:raise OSError(ctypes.get_last_error(),'CreateNamedPipe')
                                                       ^^^^^^^^^^^^^^^^^^^^^^^^^^^^^^^^^^^^^^^^^^^^^^^^^^^^^^^^
OSError: [Errno 231] CreateNamedPipe
[STAFF] 2026-10-01 00:14:53,679 [WARNING] STAFF pipe reconnect: [Errno 231] CreateNamedPipe
Traceback (most recent call last):
  File "program\event_pipe_host.py", line 101, in _run
    if not handle or handle==ctypes.c_void_p(-1).value:raise OSError(ctypes.get_last_error(),'CreateNamedPipe')
                                                       ^^^^^^^^^^^^^^^^^^^^^^^^^^^^^^^^^^^^^^^^^^^^^^^^^^^^^^^^
OSError: [Errno 231] CreateNamedPipe
[STAFF] 2026-10-01 00:14:53,879 [WARNING] STAFF pipe reconnect: [Errno 231] CreateNamedPipe
Traceback (most recent call last):
  File "program\event_pipe_host.py", line 101, in _run
    if not handle or handle==ctypes.c_void_p(-1).value:raise OSError(ctypes.get_last_error(),'CreateNamedPipe')
                                                       ^^^^^^^^^^^^^^^^^^^^^^^^^^^^^^^^^^^^^^^^^^^^^^^^^^^^^^^^
OSError: [Errno 231] CreateNamedPipe
[STAFF] 2026-10-01 00:14:54,080 [WARNING] STAFF pipe reconnect: [Errno 231] CreateNamedPipe
Traceback (most recent call last):
  File "program\event_pipe_host.py", line 101, in _run
    if not handle or handle==ctypes.c_void_p(-1).value:raise OSError(ctypes.get_last_error(),'CreateNamedPipe')
                                                       ^^^^^^^^^^^^^^^^^^^^^^^^^^^^^^^^^^^^^^^^^^^^^^^^^^^^^^^^
OSError: [Errno 231] CreateNamedPipe
[STAFF] 2026-10-01 00:14:54,281 [WARNING] STAFF pipe reconnect: [Errno 231] CreateNamedPipe
Traceback (most recent call last):
  File "program\event_pipe_host.py", line 101, in _run
    if not handle or handle==ctypes.c_void_p(-1).value:raise OSError(ctypes.get_last_error(),'CreateNamedPipe')
                                                       ^^^^^^^^^^^^^^^^^^^^^^^^^^^^^^^^^^^^^^^^^^^^^^^^^^^^^^^^
OSError: [Errno 231] CreateNamedPipe
[STAFF] 2026-10-01 00:14:54,481 [WARNING] STAFF pipe reconnect: [Errno 231] CreateNamedPipe
Traceback (most recent call last):
  File "program\event_pipe_host.py", line 101, in _run
    if not handle or handle==ctypes.c_void_p(-1).value:raise OSError(ctypes.get_last_error(),'CreateNamedPipe')
                                                       ^^^^^^^^^^^^^^^^^^^^^^^^^^^^^^^^^^^^^^^^^^^^^^^^^^^^^^^^
OSError: [Errno 231] CreateNamedPipe
[STAFF] 2026-10-01 00:14:54,682 [WARNING] STAFF pipe reconnect: [Errno 231] CreateNamedPipe
Traceback (most recent call last):
  File "program\event_pipe_host.py", line 101, in _run
    if not handle or handle==ctypes.c_void_p(-1).value:raise OSError(ctypes.get_last_error(),'CreateNamedPipe')
                                                       ^^^^^^^^^^^^^^^^^^^^^^^^^^^^^^^^^^^^^^^^^^^^^^^^^^^^^^^^
OSError: [Errno 231] CreateNamedPipe
[STAFF] 2026-10-01 00:14:54,883 [WARNING] STAFF pipe reconnect: [Errno 231] CreateNamedPipe
Traceback (most recent call last):
  File "program\event_pipe_host.py", line 101, in _run
    if not handle or handle==ctypes.c_void_p(-1).value:raise OSError(ctypes.get_last_error(),'CreateNamedPipe')
                                                       ^^^^^^^^^^^^^^^^^^^^^^^^^^^^^^^^^^^^^^^^^^^^^^^^^^^^^^^^
OSError: [Errno 231] CreateNamedPipe
[STAFF] 2026-10-01 00:14:55,084 [WARNING] STAFF pipe reconnect: [Errno 231] CreateNamedPipe
Traceback (most recent call last):
  File "program\event_pipe_host.py", line 101, in _run
    if not handle or handle==ctypes.c_void_p(-1).value:raise OSError(ctypes.get_last_error(),'CreateNamedPipe')
                                                       ^^^^^^^^^^^^^^^^^^^^^^^^^^^^^^^^^^^^^^^^^^^^^^^^^^^^^^^^
OSError: [Errno 231] CreateNamedPipe
[STAFF] 2026-10-01 00:14:55,286 [WARNING] STAFF pipe reconnect: [Errno 231] CreateNamedPipe
Traceback (most recent call last):
  File "program\event_pipe_host.py", line 101, in _run
    if not handle or handle==ctypes.c_void_p(-1).value:raise OSError(ctypes.get_last_error(),'CreateNamedPipe')
                                                       ^^^^^^^^^^^^^^^^^^^^^^^^^^^^^^^^^^^^^^^^^^^^^^^^^^^^^^^^
OSError: [Errno 231] CreateNamedPipe
[STAFF] 2026-10-01 00:14:55,487 [WARNING] STAFF pipe reconnect: [Errno 231] CreateNamedPipe
Traceback (most recent call last):
  File "program\event_pipe_host.py", line 101, in _run
    if not handle or handle==ctypes.c_void_p(-1).value:raise OSError(ctypes.get_last_error(),'CreateNamedPipe')
                                                       ^^^^^^^^^^^^^^^^^^^^^^^^^^^^^^^^^^^^^^^^^^^^^^^^^^^^^^^^
OSError: [Errno 231] CreateNamedPipe
[STAFF] 2026-10-01 00:14:55,690 [WARNING] STAFF pipe reconnect: [Errno 231] CreateNamedPipe
Traceback (most recent call last):
  File "program\event_pipe_host.py", line 101, in _run
    if not handle or handle==ctypes.c_void_p(-1).value:raise OSError(ctypes.get_last_error(),'CreateNamedPipe')
                                                       ^^^^^^^^^^^^^^^^^^^^^^^^^^^^^^^^^^^^^^^^^^^^^^^^^^^^^^^^
OSError: [Errno 231] CreateNamedPipe
[STAFF] 2026-10-01 00:14:55,891 [WARNING] STAFF pipe reconnect: [Errno 231] CreateNamedPipe
Traceback (most recent call last):
  File "program\event_pipe_host.py", line 101, in _run
    if not handle or handle==ctypes.c_void_p(-1).value:raise OSError(ctypes.get_last_error(),'CreateNamedPipe')
                                                       ^^^^^^^^^^^^^^^^^^^^^^^^^^^^^^^^^^^^^^^^^^^^^^^^^^^^^^^^
OSError: [Errno 231] CreateNamedPipe
[STAFF] 2026-10-01 00:14:56,092 [WARNING] STAFF pipe reconnect: [Errno 231] CreateNamedPipe
Traceback (most recent call last):
  File "program\event_pipe_host.py", line 101, in _run
    if not handle or handle==ctypes.c_void_p(-1).value:raise OSError(ctypes.get_last_error(),'CreateNamedPipe')
                                                       ^^^^^^^^^^^^^^^^^^^^^^^^^^^^^^^^^^^^^^^^^^^^^^^^^^^^^^^^
OSError: [Errno 231] CreateNamedPipe
[STAFF] 2026-10-01 00:14:56,295 [WARNING] STAFF pipe reconnect: [Errno 231] CreateNamedPipe
Traceback (most recent call last):
  File "program\event_pipe_host.py", line 101, in _run
    if not handle or handle==ctypes.c_void_p(-1).value:raise OSError(ctypes.get_last_error(),'CreateNamedPipe')
                                                       ^^^^^^^^^^^^^^^^^^^^^^^^^^^^^^^^^^^^^^^^^^^^^^^^^^^^^^^^
OSError: [Errno 231] CreateNamedPipe
[STAFF] 2026-10-01 00:14:56,496 [WARNING] STAFF pipe reconnect: [Errno 231] CreateNamedPipe
Traceback (most recent call last):
  File "program\event_pipe_host.py", line 101, in _run
    if not handle or handle==ctypes.c_void_p(-1).value:raise OSError(ctypes.get_last_error(),'CreateNamedPipe')
                                                       ^^^^^^^^^^^^^^^^^^^^^^^^^^^^^^^^^^^^^^^^^^^^^^^^^^^^^^^^
OSError: [Errno 231] CreateNamedPipe
[STAFF] 2026-10-01 00:14:56,698 [WARNING] STAFF pipe reconnect: [Errno 231] CreateNamedPipe
Traceback (most recent call last):
  File "program\event_pipe_host.py", line 101, in _run
    if not handle or handle==ctypes.c_void_p(-1).value:raise OSError(ctypes.get_last_error(),'CreateNamedPipe')
                                                       ^^^^^^^^^^^^^^^^^^^^^^^^^^^^^^^^^^^^^^^^^^^^^^^^^^^^^^^^
OSError: [Errno 231] CreateNamedPipe
[STAFF] 2026-10-01 00:14:56,898 [WARNING] STAFF pipe reconnect: [Errno 231] CreateNamedPipe
Traceback (most recent call last):
  File "program\event_pipe_host.py", line 101, in _run
    if not handle or handle==ctypes.c_void_p(-1).value:raise OSError(ctypes.get_last_error(),'CreateNamedPipe')
                                                       ^^^^^^^^^^^^^^^^^^^^^^^^^^^^^^^^^^^^^^^^^^^^^^^^^^^^^^^^
OSError: [Errno 231] CreateNamedPipe
[STAFF] 2026-10-01 00:14:57,098 [WARNING] STAFF pipe reconnect: [Errno 231] CreateNamedPipe
Traceback (most recent call last):
  File "program\event_pipe_host.py", line 101, in _run
    if not handle or handle==ctypes.c_void_p(-1).value:raise OSError(ctypes.get_last_error(),'CreateNamedPipe')
                                                       ^^^^^^^^^^^^^^^^^^^^^^^^^^^^^^^^^^^^^^^^^^^^^^^^^^^^^^^^
OSError: [Errno 231] CreateNamedPipe
[STAFF] 2026-10-01 00:14:57,300 [WARNING] STAFF pipe reconnect: [Errno 231] CreateNamedPipe
Traceback (most recent call last):
  File "program\event_pipe_host.py", line 101, in _run
    if not handle or handle==ctypes.c_void_p(-1).value:raise OSError(ctypes.get_last_error(),'CreateNamedPipe')
                                                       ^^^^^^^^^^^^^^^^^^^^^^^^^^^^^^^^^^^^^^^^^^^^^^^^^^^^^^^^
OSError: [Errno 231] CreateNamedPipe
[STAFF] 2026-10-01 00:14:57,501 [WARNING] STAFF pipe reconnect: [Errno 231] CreateNamedPipe
Traceback (most recent call last):
  File "program\event_pipe_host.py", line 101, in _run
    if not handle or handle==ctypes.c_void_p(-1).value:raise OSError(ctypes.get_last_error(),'CreateNamedPipe')
                                                       ^^^^^^^^^^^^^^^^^^^^^^^^^^^^^^^^^^^^^^^^^^^^^^^^^^^^^^^^
OSError: [Errno 231] CreateNamedPipe
[STAFF] 2026-10-01 00:14:57,701 [WARNING] STAFF pipe reconnect: [Errno 231] CreateNamedPipe
Traceback (most recent call last):
  File "program\event_pipe_host.py", line 101, in _run
    if not handle or handle==ctypes.c_void_p(-1).value:raise OSError(ctypes.get_last_error(),'CreateNamedPipe')
                                                       ^^^^^^^^^^^^^^^^^^^^^^^^^^^^^^^^^^^^^^^^^^^^^^^^^^^^^^^^
OSError: [Errno 231] CreateNamedPipe
[STAFF] 2026-10-01 00:14:57,903 [WARNING] STAFF pipe reconnect: [Errno 231] CreateNamedPipe
Traceback (most recent call last):
  File "program\event_pipe_host.py", line 101, in _run
    if not handle or handle==ctypes.c_void_p(-1).value:raise OSError(ctypes.get_last_error(),'CreateNamedPipe')
                                                       ^^^^^^^^^^^^^^^^^^^^^^^^^^^^^^^^^^^^^^^^^^^^^^^^^^^^^^^^
OSError: [Errno 231] CreateNamedPipe
[STAFF] 2026-10-01 00:14:58,103 [WARNING] STAFF pipe reconnect: [Errno 231] CreateNamedPipe
Traceback (most recent call last):
  File "program\event_pipe_host.py", line 101, in _run
    if not handle or handle==ctypes.c_void_p(-1).value:raise OSError(ctypes.get_last_error(),'CreateNamedPipe')
                                                       ^^^^^^^^^^^^^^^^^^^^^^^^^^^^^^^^^^^^^^^^^^^^^^^^^^^^^^^^
OSError: [Errno 231] CreateNamedPipe
[STAFF] 2026-10-01 00:14:58,304 [WARNING] STAFF pipe reconnect: [Errno 231] CreateNamedPipe
Traceback (most recent call last):
  File "program\event_pipe_host.py", line 101, in _run
    if not handle or handle==ctypes.c_void_p(-1).value:raise OSError(ctypes.get_last_error(),'CreateNamedPipe')
                                                       ^^^^^^^^^^^^^^^^^^^^^^^^^^^^^^^^^^^^^^^^^^^^^^^^^^^^^^^^
OSError: [Errno 231] CreateNamedPipe
[STAFF] 2026-10-01 00:14:58,504 [WARNING] STAFF pipe reconnect: [Errno 231] CreateNamedPipe
Traceback (most recent call last):
  File "program\event_pipe_host.py", line 101, in _run
    if not handle or handle==ctypes.c_void_p(-1).value:raise OSError(ctypes.get_last_error(),'CreateNamedPipe')
                                                       ^^^^^^^^^^^^^^^^^^^^^^^^^^^^^^^^^^^^^^^^^^^^^^^^^^^^^^^^
OSError: [Errno 231] CreateNamedPipe
[STAFF] 2026-10-01 00:14:58,705 [WARNING] STAFF pipe reconnect: [Errno 231] CreateNamedPipe
Traceback (most recent call last):
  File "program\event_pipe_host.py", line 101, in _run
    if not handle or handle==ctypes.c_void_p(-1).value:raise OSError(ctypes.get_last_error(),'CreateNamedPipe')
                                                       ^^^^^^^^^^^^^^^^^^^^^^^^^^^^^^^^^^^^^^^^^^^^^^^^^^^^^^^^
OSError: [Errno 231] CreateNamedPipe
[STAFF] 2026-10-01 00:14:58,906 [WARNING] STAFF pipe reconnect: [Errno 231] CreateNamedPipe
Traceback (most recent call last):
  File "program\event_pipe_host.py", line 101, in _run
    if not handle or handle==ctypes.c_void_p(-1).value:raise OSError(ctypes.get_last_error(),'CreateNamedPipe')
                                                       ^^^^^^^^^^^^^^^^^^^^^^^^^^^^^^^^^^^^^^^^^^^^^^^^^^^^^^^^
OSError: [Errno 231] CreateNamedPipe
[STAFF] 2026-10-01 00:14:59,108 [WARNING] STAFF pipe reconnect: [Errno 231] CreateNamedPipe
Traceback (most recent call last):
  File "program\event_pipe_host.py", line 101, in _run
    if not handle or handle==ctypes.c_void_p(-1).value:raise OSError(ctypes.get_last_error(),'CreateNamedPipe')
                                                       ^^^^^^^^^^^^^^^^^^^^^^^^^^^^^^^^^^^^^^^^^^^^^^^^^^^^^^^^
OSError: [Errno 231] CreateNamedPipe
[STAFF] 2026-10-01 00:14:59,308 [WARNING] STAFF pipe reconnect: [Errno 231] CreateNamedPipe
Traceback (most recent call last):
  File "program\event_pipe_host.py", line 101, in _run
    if not handle or handle==ctypes.c_void_p(-1).value:raise OSError(ctypes.get_last_error(),'CreateNamedPipe')
                                                       ^^^^^^^^^^^^^^^^^^^^^^^^^^^^^^^^^^^^^^^^^^^^^^^^^^^^^^^^
OSError: [Errno 231] CreateNamedPipe
[STAFF] 2026-10-01 00:14:59,508 [WARNING] STAFF pipe reconnect: [Errno 231] CreateNamedPipe
Traceback (most recent call last):
  File "program\event_pipe_host.py", line 101, in _run
    if not handle or handle==ctypes.c_void_p(-1).value:raise OSError(ctypes.get_last_error(),'CreateNamedPipe')
                                                       ^^^^^^^^^^^^^^^^^^^^^^^^^^^^^^^^^^^^^^^^^^^^^^^^^^^^^^^^
OSError: [Errno 231] CreateNamedPipe
[STAFF] 2026-10-01 00:14:59,709 [WARNING] STAFF pipe reconnect: [Errno 231] CreateNamedPipe
Traceback (most recent call last):
  File "program\event_pipe_host.py", line 101, in _run
    if not handle or handle==ctypes.c_void_p(-1).value:raise OSError(ctypes.get_last_error(),'CreateNamedPipe')
                                                       ^^^^^^^^^^^^^^^^^^^^^^^^^^^^^^^^^^^^^^^^^^^^^^^^^^^^^^^^
OSError: [Errno 231] CreateNamedPipe
[STAFF] 2026-10-01 00:14:59,910 [WARNING] STAFF pipe reconnect: [Errno 231] CreateNamedPipe
Traceback (most recent call last):
  File "program\event_pipe_host.py", line 101, in _run
    if not handle or handle==ctypes.c_void_p(-1).value:raise OSError(ctypes.get_last_error(),'CreateNamedPipe')
                                                       ^^^^^^^^^^^^^^^^^^^^^^^^^^^^^^^^^^^^^^^^^^^^^^^^^^^^^^^^
OSError: [Errno 231] CreateNamedPipe
[STAFF] 2026-10-01 00:15:00,112 [WARNING] STAFF pipe reconnect: [Errno 231] CreateNamedPipe
Traceback (most recent call last):
  File "program\event_pipe_host.py", line 101, in _run
    if not handle or handle==ctypes.c_void_p(-1).value:raise OSError(ctypes.get_last_error(),'CreateNamedPipe')
                                                       ^^^^^^^^^^^^^^^^^^^^^^^^^^^^^^^^^^^^^^^^^^^^^^^^^^^^^^^^
OSError: [Errno 231] CreateNamedPipe
[STAFF] 2026-10-01 00:15:00,312 [WARNING] STAFF pipe reconnect: [Errno 231] CreateNamedPipe
Traceback (most recent call last):
  File "program\event_pipe_host.py", line 101, in _run
    if not handle or handle==ctypes.c_void_p(-1).value:raise OSError(ctypes.get_last_error(),'CreateNamedPipe')
                                                       ^^^^^^^^^^^^^^^^^^^^^^^^^^^^^^^^^^^^^^^^^^^^^^^^^^^^^^^^
OSError: [Errno 231] CreateNamedPipe
[STAFF] 2026-10-01 00:15:00,513 [WARNING] STAFF pipe reconnect: [Errno 231] CreateNamedPipe
Traceback (most recent call last):
  File "program\event_pipe_host.py", line 101, in _run
    if not handle or handle==ctypes.c_void_p(-1).value:raise OSError(ctypes.get_last_error(),'CreateNamedPipe')
                                                       ^^^^^^^^^^^^^^^^^^^^^^^^^^^^^^^^^^^^^^^^^^^^^^^^^^^^^^^^
OSError: [Errno 231] CreateNamedPipe
[STAFF] 2026-10-01 00:15:00,713 [WARNING] STAFF pipe reconnect: [Errno 231] CreateNamedPipe
Traceback (most recent call last):
  File "program\event_pipe_host.py", line 101, in _run
    if not handle or handle==ctypes.c_void_p(-1).value:raise OSError(ctypes.get_last_error(),'CreateNamedPipe')
                                                       ^^^^^^^^^^^^^^^^^^^^^^^^^^^^^^^^^^^^^^^^^^^^^^^^^^^^^^^^
OSError: [Errno 231] CreateNamedPipe
[STAFF] 2026-10-01 00:15:00,914 [WARNING] STAFF pipe reconnect: [Errno 231] CreateNamedPipe
Traceback (most recent call last):
  File "program\event_pipe_host.py", line 101, in _run
    if not handle or handle==ctypes.c_void_p(-1).value:raise OSError(ctypes.get_last_error(),'CreateNamedPipe')
                                                       ^^^^^^^^^^^^^^^^^^^^^^^^^^^^^^^^^^^^^^^^^^^^^^^^^^^^^^^^
OSError: [Errno 231] CreateNamedPipe
[STAFF] 2026-10-01 00:15:01,114 [WARNING] STAFF pipe reconnect: [Errno 231] CreateNamedPipe
Traceback (most recent call last):
  File "program\event_pipe_host.py", line 101, in _run
    if not handle or handle==ctypes.c_void_p(-1).value:raise OSError(ctypes.get_last_error(),'CreateNamedPipe')
                                                       ^^^^^^^^^^^^^^^^^^^^^^^^^^^^^^^^^^^^^^^^^^^^^^^^^^^^^^^^
OSError: [Errno 231] CreateNamedPipe
[STAFF] 2026-10-01 00:15:01,315 [WARNING] STAFF pipe reconnect: [Errno 231] CreateNamedPipe
Traceback (most recent call last):
  File "program\event_pipe_host.py", line 101, in _run
    if not handle or handle==ctypes.c_void_p(-1).value:raise OSError(ctypes.get_last_error(),'CreateNamedPipe')
                                                       ^^^^^^^^^^^^^^^^^^^^^^^^^^^^^^^^^^^^^^^^^^^^^^^^^^^^^^^^
OSError: [Errno 231] CreateNamedPipe
[STAFF] 2026-10-01 00:15:01,515 [WARNING] STAFF pipe reconnect: [Errno 231] CreateNamedPipe
Traceback (most recent call last):
  File "program\event_pipe_host.py", line 101, in _run
    if not handle or handle==ctypes.c_void_p(-1).value:raise OSError(ctypes.get_last_error(),'CreateNamedPipe')
                                                       ^^^^^^^^^^^^^^^^^^^^^^^^^^^^^^^^^^^^^^^^^^^^^^^^^^^^^^^^
OSError: [Errno 231] CreateNamedPipe
[STAFF] 2026-10-01 00:15:01,715 [WARNING] STAFF pipe reconnect: [Errno 231] CreateNamedPipe
Traceback (most recent call last):
  File "program\event_pipe_host.py", line 101, in _run
    if not handle or handle==ctypes.c_void_p(-1).value:raise OSError(ctypes.get_last_error(),'CreateNamedPipe')
                                                       ^^^^^^^^^^^^^^^^^^^^^^^^^^^^^^^^^^^^^^^^^^^^^^^^^^^^^^^^
OSError: [Errno 231] CreateNamedPipe
[STAFF] 2026-10-01 00:15:01,916 [WARNING] STAFF pipe reconnect: [Errno 231] CreateNamedPipe
Traceback (most recent call last):
  File "program\event_pipe_host.py", line 101, in _run
    if not handle or handle==ctypes.c_void_p(-1).value:raise OSError(ctypes.get_last_error(),'CreateNamedPipe')
                                                       ^^^^^^^^^^^^^^^^^^^^^^^^^^^^^^^^^^^^^^^^^^^^^^^^^^^^^^^^
OSError: [Errno 231] CreateNamedPipe
[STAFF] 2026-10-01 00:15:02,118 [WARNING] STAFF pipe reconnect: [Errno 231] CreateNamedPipe
Traceback (most recent call last):
  File "program\event_pipe_host.py", line 101, in _run
    if not handle or handle==ctypes.c_void_p(-1).value:raise OSError(ctypes.get_last_error(),'CreateNamedPipe')
                                                       ^^^^^^^^^^^^^^^^^^^^^^^^^^^^^^^^^^^^^^^^^^^^^^^^^^^^^^^^
OSError: [Errno 231] CreateNamedPipe
[STAFF] 2026-10-01 00:15:02,318 [WARNING] STAFF pipe reconnect: [Errno 231] CreateNamedPipe
Traceback (most recent call last):
  File "program\event_pipe_host.py", line 101, in _run
    if not handle or handle==ctypes.c_void_p(-1).value:raise OSError(ctypes.get_last_error(),'CreateNamedPipe')
                                                       ^^^^^^^^^^^^^^^^^^^^^^^^^^^^^^^^^^^^^^^^^^^^^^^^^^^^^^^^
OSError: [Errno 231] CreateNamedPipe
[STAFF] 2026-10-01 00:15:02,520 [WARNING] STAFF pipe reconnect: [Errno 231] CreateNamedPipe
Traceback (most recent call last):
  File "program\event_pipe_host.py", line 101, in _run
    if not handle or handle==ctypes.c_void_p(-1).value:raise OSError(ctypes.get_last_error(),'CreateNamedPipe')
                                                       ^^^^^^^^^^^^^^^^^^^^^^^^^^^^^^^^^^^^^^^^^^^^^^^^^^^^^^^^
OSError: [Errno 231] CreateNamedPipe
[STAFF] 2026-10-01 00:15:02,720 [WARNING] STAFF pipe reconnect: [Errno 231] CreateNamedPipe
Traceback (most recent call last):
  File "program\event_pipe_host.py", line 101, in _run
    if not handle or handle==ctypes.c_void_p(-1).value:raise OSError(ctypes.get_last_error(),'CreateNamedPipe')
                                                       ^^^^^^^^^^^^^^^^^^^^^^^^^^^^^^^^^^^^^^^^^^^^^^^^^^^^^^^^
OSError: [Errno 231] CreateNamedPipe
[STAFF] 2026-10-01 00:15:02,921 [WARNING] STAFF pipe reconnect: [Errno 231] CreateNamedPipe
Traceback (most recent call last):
  File "program\event_pipe_host.py", line 101, in _run
    if not handle or handle==ctypes.c_void_p(-1).value:raise OSError(ctypes.get_last_error(),'CreateNamedPipe')
                                                       ^^^^^^^^^^^^^^^^^^^^^^^^^^^^^^^^^^^^^^^^^^^^^^^^^^^^^^^^
OSError: [Errno 231] CreateNamedPipe
[STAFF] 2026-10-01 00:15:03,122 [WARNING] STAFF pipe reconnect: [Errno 231] CreateNamedPipe
Traceback (most recent call last):
  File "program\event_pipe_host.py", line 101, in _run
    if not handle or handle==ctypes.c_void_p(-1).value:raise OSError(ctypes.get_last_error(),'CreateNamedPipe')
                                                       ^^^^^^^^^^^^^^^^^^^^^^^^^^^^^^^^^^^^^^^^^^^^^^^^^^^^^^^^
OSError: [Errno 231] CreateNamedPipe
[STAFF] 2026-10-01 00:15:03,323 [WARNING] STAFF pipe reconnect: [Errno 231] CreateNamedPipe
Traceback (most recent call last):
  File "program\event_pipe_host.py", line 101, in _run
    if not handle or handle==ctypes.c_void_p(-1).value:raise OSError(ctypes.get_last_error(),'CreateNamedPipe')
                                                       ^^^^^^^^^^^^^^^^^^^^^^^^^^^^^^^^^^^^^^^^^^^^^^^^^^^^^^^^
OSError: [Errno 231] CreateNamedPipe
[STAFF] 2026-10-01 00:15:03,523 [WARNING] STAFF pipe reconnect: [Errno 231] CreateNamedPipe
Traceback (most recent call last):
  File "program\event_pipe_host.py", line 101, in _run
    if not handle or handle==ctypes.c_void_p(-1).value:raise OSError(ctypes.get_last_error(),'CreateNamedPipe')
                                                       ^^^^^^^^^^^^^^^^^^^^^^^^^^^^^^^^^^^^^^^^^^^^^^^^^^^^^^^^
OSError: [Errno 231] CreateNamedPipe
[STAFF] 2026-10-01 00:15:03,723 [WARNING] STAFF pipe reconnect: [Errno 231] CreateNamedPipe
Traceback (most recent call last):
  File "program\event_pipe_host.py", line 101, in _run
    if not handle or handle==ctypes.c_void_p(-1).value:raise OSError(ctypes.get_last_error(),'CreateNamedPipe')
                                                       ^^^^^^^^^^^^^^^^^^^^^^^^^^^^^^^^^^^^^^^^^^^^^^^^^^^^^^^^
OSError: [Errno 231] CreateNamedPipe
[STAFF] 2026-10-01 00:15:03,924 [WARNING] STAFF pipe reconnect: [Errno 231] CreateNamedPipe
Traceback (most recent call last):
  File "program\event_pipe_host.py", line 101, in _run
    if not handle or handle==ctypes.c_void_p(-1).value:raise OSError(ctypes.get_last_error(),'CreateNamedPipe')
                                                       ^^^^^^^^^^^^^^^^^^^^^^^^^^^^^^^^^^^^^^^^^^^^^^^^^^^^^^^^
OSError: [Errno 231] CreateNamedPipe
[STAFF] 2026-10-01 00:15:04,125 [WARNING] STAFF pipe reconnect: [Errno 231] CreateNamedPipe
Traceback (most recent call last):
  File "program\event_pipe_host.py", line 101, in _run
    if not handle or handle==ctypes.c_void_p(-1).value:raise OSError(ctypes.get_last_error(),'CreateNamedPipe')
                                                       ^^^^^^^^^^^^^^^^^^^^^^^^^^^^^^^^^^^^^^^^^^^^^^^^^^^^^^^^
OSError: [Errno 231] CreateNamedPipe
[STAFF] 2026-10-01 00:15:04,325 [WARNING] STAFF pipe reconnect: [Errno 231] CreateNamedPipe
Traceback (most recent call last):
  File "program\event_pipe_host.py", line 101, in _run
    if not handle or handle==ctypes.c_void_p(-1).value:raise OSError(ctypes.get_last_error(),'CreateNamedPipe')
                                                       ^^^^^^^^^^^^^^^^^^^^^^^^^^^^^^^^^^^^^^^^^^^^^^^^^^^^^^^^
OSError: [Errno 231] CreateNamedPipe
[STAFF] 2026-10-01 00:15:04,525 [WARNING] STAFF pipe reconnect: [Errno 231] CreateNamedPipe
Traceback (most recent call last):
  File "program\event_pipe_host.py", line 101, in _run
    if not handle or handle==ctypes.c_void_p(-1).value:raise OSError(ctypes.get_last_error(),'CreateNamedPipe')
                                                       ^^^^^^^^^^^^^^^^^^^^^^^^^^^^^^^^^^^^^^^^^^^^^^^^^^^^^^^^
OSError: [Errno 231] CreateNamedPipe
[STAFF] 2026-10-01 00:15:04,726 [WARNING] STAFF pipe reconnect: [Errno 231] CreateNamedPipe
Traceback (most recent call last):
  File "program\event_pipe_host.py", line 101, in _run
    if not handle or handle==ctypes.c_void_p(-1).value:raise OSError(ctypes.get_last_error(),'CreateNamedPipe')
                                                       ^^^^^^^^^^^^^^^^^^^^^^^^^^^^^^^^^^^^^^^^^^^^^^^^^^^^^^^^
OSError: [Errno 231] CreateNamedPipe
[STAFF] 2026-10-01 00:15:04,927 [WARNING] STAFF pipe reconnect: [Errno 231] CreateNamedPipe
Traceback (most recent call last):
  File "program\event_pipe_host.py", line 101, in _run
    if not handle or handle==ctypes.c_void_p(-1).value:raise OSError(ctypes.get_last_error(),'CreateNamedPipe')
                                                       ^^^^^^^^^^^^^^^^^^^^^^^^^^^^^^^^^^^^^^^^^^^^^^^^^^^^^^^^
OSError: [Errno 231] CreateNamedPipe
[STAFF] 2026-10-01 00:15:05,128 [WARNING] STAFF pipe reconnect: [Errno 231] CreateNamedPipe
Traceback (most recent call last):
  File "program\event_pipe_host.py", line 101, in _run
    if not handle or handle==ctypes.c_void_p(-1).value:raise OSError(ctypes.get_last_error(),'CreateNamedPipe')
                                                       ^^^^^^^^^^^^^^^^^^^^^^^^^^^^^^^^^^^^^^^^^^^^^^^^^^^^^^^^
OSError: [Errno 231] CreateNamedPipe
[STAFF] 2026-10-01 00:15:05,329 [WARNING] STAFF pipe reconnect: [Errno 231] CreateNamedPipe
Traceback (most recent call last):
  File "program\event_pipe_host.py", line 101, in _run
    if not handle or handle==ctypes.c_void_p(-1).value:raise OSError(ctypes.get_last_error(),'CreateNamedPipe')
                                                       ^^^^^^^^^^^^^^^^^^^^^^^^^^^^^^^^^^^^^^^^^^^^^^^^^^^^^^^^
OSError: [Errno 231] CreateNamedPipe
[STAFF] 2026-10-01 00:15:05,529 [WARNING] STAFF pipe reconnect: [Errno 231] CreateNamedPipe
Traceback (most recent call last):
  File "program\event_pipe_host.py", line 101, in _run
    if not handle or handle==ctypes.c_void_p(-1).value:raise OSError(ctypes.get_last_error(),'CreateNamedPipe')
                                                       ^^^^^^^^^^^^^^^^^^^^^^^^^^^^^^^^^^^^^^^^^^^^^^^^^^^^^^^^
OSError: [Errno 231] CreateNamedPipe
[STAFF] 2026-10-01 00:15:05,730 [WARNING] STAFF pipe reconnect: [Errno 231] CreateNamedPipe
Traceback (most recent call last):
  File "program\event_pipe_host.py", line 101, in _run
    if not handle or handle==ctypes.c_void_p(-1).value:raise OSError(ctypes.get_last_error(),'CreateNamedPipe')
                                                       ^^^^^^^^^^^^^^^^^^^^^^^^^^^^^^^^^^^^^^^^^^^^^^^^^^^^^^^^
OSError: [Errno 231] CreateNamedPipe
[STAFF] 2026-10-01 00:15:05,930 [WARNING] STAFF pipe reconnect: [Errno 231] CreateNamedPipe
Traceback (most recent call last):
  File "program\event_pipe_host.py", line 101, in _run
    if not handle or handle==ctypes.c_void_p(-1).value:raise OSError(ctypes.get_last_error(),'CreateNamedPipe')
                                                       ^^^^^^^^^^^^^^^^^^^^^^^^^^^^^^^^^^^^^^^^^^^^^^^^^^^^^^^^
OSError: [Errno 231] CreateNamedPipe
[STAFF] 2026-10-01 00:15:06,131 [WARNING] STAFF pipe reconnect: [Errno 231] CreateNamedPipe
Traceback (most recent call last):
  File "program\event_pipe_host.py", line 101, in _run
    if not handle or handle==ctypes.c_void_p(-1).value:raise OSError(ctypes.get_last_error(),'CreateNamedPipe')
                                                       ^^^^^^^^^^^^^^^^^^^^^^^^^^^^^^^^^^^^^^^^^^^^^^^^^^^^^^^^
OSError: [Errno 231] CreateNamedPipe
[STAFF] 2026-10-01 00:15:06,333 [WARNING] STAFF pipe reconnect: [Errno 231] CreateNamedPipe
Traceback (most recent call last):
  File "program\event_pipe_host.py", line 101, in _run
    if not handle or handle==ctypes.c_void_p(-1).value:raise OSError(ctypes.get_last_error(),'CreateNamedPipe')
                                                       ^^^^^^^^^^^^^^^^^^^^^^^^^^^^^^^^^^^^^^^^^^^^^^^^^^^^^^^^
OSError: [Errno 231] CreateNamedPipe
[STAFF] 2026-10-01 00:15:06,534 [WARNING] STAFF pipe reconnect: [Errno 231] CreateNamedPipe
Traceback (most recent call last):
  File "program\event_pipe_host.py", line 101, in _run
    if not handle or handle==ctypes.c_void_p(-1).value:raise OSError(ctypes.get_last_error(),'CreateNamedPipe')
                                                       ^^^^^^^^^^^^^^^^^^^^^^^^^^^^^^^^^^^^^^^^^^^^^^^^^^^^^^^^
OSError: [Errno 231] CreateNamedPipe
[STAFF] 2026-10-01 00:15:06,735 [WARNING] STAFF pipe reconnect: [Errno 231] CreateNamedPipe
Traceback (most recent call last):
  File "program\event_pipe_host.py", line 101, in _run
    if not handle or handle==ctypes.c_void_p(-1).value:raise OSError(ctypes.get_last_error(),'CreateNamedPipe')
                                                       ^^^^^^^^^^^^^^^^^^^^^^^^^^^^^^^^^^^^^^^^^^^^^^^^^^^^^^^^
OSError: [Errno 231] CreateNamedPipe
[STAFF] 2026-10-01 00:15:06,935 [WARNING] STAFF pipe reconnect: [Errno 231] CreateNamedPipe
Traceback (most recent call last):
  File "program\event_pipe_host.py", line 101, in _run
    if not handle or handle==ctypes.c_void_p(-1).value:raise OSError(ctypes.get_last_error(),'CreateNamedPipe')
                                                       ^^^^^^^^^^^^^^^^^^^^^^^^^^^^^^^^^^^^^^^^^^^^^^^^^^^^^^^^
OSError: [Errno 231] CreateNamedPipe
[STAFF] 2026-10-01 00:15:07,135 [WARNING] STAFF pipe reconnect: [Errno 231] CreateNamedPipe
Traceback (most recent call last):
  File "program\event_pipe_host.py", line 101, in _run
    if not handle or handle==ctypes.c_void_p(-1).value:raise OSError(ctypes.get_last_error(),'CreateNamedPipe')
                                                       ^^^^^^^^^^^^^^^^^^^^^^^^^^^^^^^^^^^^^^^^^^^^^^^^^^^^^^^^
OSError: [Errno 231] CreateNamedPipe
[STAFF] 2026-10-01 00:15:07,336 [WARNING] STAFF pipe reconnect: [Errno 231] CreateNamedPipe
Traceback (most recent call last):
  File "program\event_pipe_host.py", line 101, in _run
    if not handle or handle==ctypes.c_void_p(-1).value:raise OSError(ctypes.get_last_error(),'CreateNamedPipe')
                                                       ^^^^^^^^^^^^^^^^^^^^^^^^^^^^^^^^^^^^^^^^^^^^^^^^^^^^^^^^
OSError: [Errno 231] CreateNamedPipe
[STAFF] 2026-10-01 00:15:07,537 [WARNING] STAFF pipe reconnect: [Errno 231] CreateNamedPipe
Traceback (most recent call last):
  File "program\event_pipe_host.py", line 101, in _run
    if not handle or handle==ctypes.c_void_p(-1).value:raise OSError(ctypes.get_last_error(),'CreateNamedPipe')
                                                       ^^^^^^^^^^^^^^^^^^^^^^^^^^^^^^^^^^^^^^^^^^^^^^^^^^^^^^^^
OSError: [Errno 231] CreateNamedPipe
[STAFF] 2026-10-01 00:15:07,738 [WARNING] STAFF pipe reconnect: [Errno 231] CreateNamedPipe
Traceback (most recent call last):
  File "program\event_pipe_host.py", line 101, in _run
    if not handle or handle==ctypes.c_void_p(-1).value:raise OSError(ctypes.get_last_error(),'CreateNamedPipe')
                                                       ^^^^^^^^^^^^^^^^^^^^^^^^^^^^^^^^^^^^^^^^^^^^^^^^^^^^^^^^
OSError: [Errno 231] CreateNamedPipe
[STAFF] 2026-10-01 00:15:07,939 [WARNING] STAFF pipe reconnect: [Errno 231] CreateNamedPipe
Traceback (most recent call last):
  File "program\event_pipe_host.py", line 101, in _run
    if not handle or handle==ctypes.c_void_p(-1).value:raise OSError(ctypes.get_last_error(),'CreateNamedPipe')
                                                       ^^^^^^^^^^^^^^^^^^^^^^^^^^^^^^^^^^^^^^^^^^^^^^^^^^^^^^^^
OSError: [Errno 231] CreateNamedPipe
[STAFF] 2026-10-01 00:15:08,140 [WARNING] STAFF pipe reconnect: [Errno 231] CreateNamedPipe
Traceback (most recent call last):
  File "program\event_pipe_host.py", line 101, in _run
    if not handle or handle==ctypes.c_void_p(-1).value:raise OSError(ctypes.get_last_error(),'CreateNamedPipe')
                                                       ^^^^^^^^^^^^^^^^^^^^^^^^^^^^^^^^^^^^^^^^^^^^^^^^^^^^^^^^
OSError: [Errno 231] CreateNamedPipe
[STAFF] 2026-10-01 00:15:08,340 [WARNING] STAFF pipe reconnect: [Errno 231] CreateNamedPipe
Traceback (most recent call last):
  File "program\event_pipe_host.py", line 101, in _run
    if not handle or handle==ctypes.c_void_p(-1).value:raise OSError(ctypes.get_last_error(),'CreateNamedPipe')
                                                       ^^^^^^^^^^^^^^^^^^^^^^^^^^^^^^^^^^^^^^^^^^^^^^^^^^^^^^^^
OSError: [Errno 231] CreateNamedPipe
[STAFF] 2026-10-01 00:15:08,542 [WARNING] STAFF pipe reconnect: [Errno 231] CreateNamedPipe
Traceback (most recent call last):
  File "program\event_pipe_host.py", line 101, in _run
    if not handle or handle==ctypes.c_void_p(-1).value:raise OSError(ctypes.get_last_error(),'CreateNamedPipe')
                                                       ^^^^^^^^^^^^^^^^^^^^^^^^^^^^^^^^^^^^^^^^^^^^^^^^^^^^^^^^
OSError: [Errno 231] CreateNamedPipe
[STAFF] 2026-10-01 00:15:08,743 [WARNING] STAFF pipe reconnect: [Errno 231] CreateNamedPipe
Traceback (most recent call last):
  File "program\event_pipe_host.py", line 101, in _run
    if not handle or handle==ctypes.c_void_p(-1).value:raise OSError(ctypes.get_last_error(),'CreateNamedPipe')
                                                       ^^^^^^^^^^^^^^^^^^^^^^^^^^^^^^^^^^^^^^^^^^^^^^^^^^^^^^^^
OSError: [Errno 231] CreateNamedPipe
[STAFF] 2026-10-01 00:15:08,944 [WARNING] STAFF pipe reconnect: [Errno 231] CreateNamedPipe
Traceback (most recent call last):
  File "program\event_pipe_host.py", line 101, in _run
    if not handle or handle==ctypes.c_void_p(-1).value:raise OSError(ctypes.get_last_error(),'CreateNamedPipe')
                                                       ^^^^^^^^^^^^^^^^^^^^^^^^^^^^^^^^^^^^^^^^^^^^^^^^^^^^^^^^
OSError: [Errno 231] CreateNamedPipe
[STAFF] 2026-10-01 00:15:09,146 [WARNING] STAFF pipe reconnect: [Errno 231] CreateNamedPipe
Traceback (most recent call last):
  File "program\event_pipe_host.py", line 101, in _run
    if not handle or handle==ctypes.c_void_p(-1).value:raise OSError(ctypes.get_last_error(),'CreateNamedPipe')
                                                       ^^^^^^^^^^^^^^^^^^^^^^^^^^^^^^^^^^^^^^^^^^^^^^^^^^^^^^^^
OSError: [Errno 231] CreateNamedPipe
[STAFF] 2026-10-01 00:15:09,347 [WARNING] STAFF pipe reconnect: [Errno 231] CreateNamedPipe
Traceback (most recent call last):
  File "program\event_pipe_host.py", line 101, in _run
    if not handle or handle==ctypes.c_void_p(-1).value:raise OSError(ctypes.get_last_error(),'CreateNamedPipe')
                                                       ^^^^^^^^^^^^^^^^^^^^^^^^^^^^^^^^^^^^^^^^^^^^^^^^^^^^^^^^
OSError: [Errno 231] CreateNamedPipe
[STAFF] 2026-10-01 00:15:09,548 [WARNING] STAFF pipe reconnect: [Errno 231] CreateNamedPipe
Traceback (most recent call last):
  File "program\event_pipe_host.py", line 101, in _run
    if not handle or handle==ctypes.c_void_p(-1).value:raise OSError(ctypes.get_last_error(),'CreateNamedPipe')
                                                       ^^^^^^^^^^^^^^^^^^^^^^^^^^^^^^^^^^^^^^^^^^^^^^^^^^^^^^^^
OSError: [Errno 231] CreateNamedPipe
[STAFF] 2026-10-01 00:15:09,749 [WARNING] STAFF pipe reconnect: [Errno 231] CreateNamedPipe
Traceback (most recent call last):
  File "program\event_pipe_host.py", line 101, in _run
    if not handle or handle==ctypes.c_void_p(-1).value:raise OSError(ctypes.get_last_error(),'CreateNamedPipe')
                                                       ^^^^^^^^^^^^^^^^^^^^^^^^^^^^^^^^^^^^^^^^^^^^^^^^^^^^^^^^
OSError: [Errno 231] CreateNamedPipe
[STAFF] 2026-10-01 00:15:09,949 [WARNING] STAFF pipe reconnect: [Errno 231] CreateNamedPipe
Traceback (most recent call last):
  File "program\event_pipe_host.py", line 101, in _run
    if not handle or handle==ctypes.c_void_p(-1).value:raise OSError(ctypes.get_last_error(),'CreateNamedPipe')
                                                       ^^^^^^^^^^^^^^^^^^^^^^^^^^^^^^^^^^^^^^^^^^^^^^^^^^^^^^^^
OSError: [Errno 231] CreateNamedPipe
[STAFF] 2026-10-01 00:15:10,151 [WARNING] STAFF pipe reconnect: [Errno 231] CreateNamedPipe
Traceback (most recent call last):
  File "program\event_pipe_host.py", line 101, in _run
    if not handle or handle==ctypes.c_void_p(-1).value:raise OSError(ctypes.get_last_error(),'CreateNamedPipe')
                                                       ^^^^^^^^^^^^^^^^^^^^^^^^^^^^^^^^^^^^^^^^^^^^^^^^^^^^^^^^
OSError: [Errno 231] CreateNamedPipe
[STAFF] 2026-10-01 00:15:10,351 [WARNING] STAFF pipe reconnect: [Errno 231] CreateNamedPipe
Traceback (most recent call last):
  File "program\event_pipe_host.py", line 101, in _run
    if not handle or handle==ctypes.c_void_p(-1).value:raise OSError(ctypes.get_last_error(),'CreateNamedPipe')
                                                       ^^^^^^^^^^^^^^^^^^^^^^^^^^^^^^^^^^^^^^^^^^^^^^^^^^^^^^^^
OSError: [Errno 231] CreateNamedPipe
[STAFF] 2026-10-01 00:15:10,553 [WARNING] STAFF pipe reconnect: [Errno 231] CreateNamedPipe
Traceback (most recent call last):
  File "program\event_pipe_host.py", line 101, in _run
    if not handle or handle==ctypes.c_void_p(-1).value:raise OSError(ctypes.get_last_error(),'CreateNamedPipe')
                                                       ^^^^^^^^^^^^^^^^^^^^^^^^^^^^^^^^^^^^^^^^^^^^^^^^^^^^^^^^
OSError: [Errno 231] CreateNamedPipe
[STAFF] 2026-10-01 00:15:10,754 [WARNING] STAFF pipe reconnect: [Errno 231] CreateNamedPipe
Traceback (most recent call last):
  File "program\event_pipe_host.py", line 101, in _run
    if not handle or handle==ctypes.c_void_p(-1).value:raise OSError(ctypes.get_last_error(),'CreateNamedPipe')
                                                       ^^^^^^^^^^^^^^^^^^^^^^^^^^^^^^^^^^^^^^^^^^^^^^^^^^^^^^^^
OSError: [Errno 231] CreateNamedPipe
[STAFF] 2026-10-01 00:15:10,955 [WARNING] STAFF pipe reconnect: [Errno 231] CreateNamedPipe
Traceback (most recent call last):
  File "program\event_pipe_host.py", line 101, in _run
    if not handle or handle==ctypes.c_void_p(-1).value:raise OSError(ctypes.get_last_error(),'CreateNamedPipe')
                                                       ^^^^^^^^^^^^^^^^^^^^^^^^^^^^^^^^^^^^^^^^^^^^^^^^^^^^^^^^
OSError: [Errno 231] CreateNamedPipe
[STAFF] 2026-10-01 00:15:11,156 [WARNING] STAFF pipe reconnect: [Errno 231] CreateNamedPipe
Traceback (most recent call last):
  File "program\event_pipe_host.py", line 101, in _run
    if not handle or handle==ctypes.c_void_p(-1).value:raise OSError(ctypes.get_last_error(),'CreateNamedPipe')
                                                       ^^^^^^^^^^^^^^^^^^^^^^^^^^^^^^^^^^^^^^^^^^^^^^^^^^^^^^^^
OSError: [Errno 231] CreateNamedPipe
[STAFF] 2026-10-01 00:15:11,357 [WARNING] STAFF pipe reconnect: [Errno 231] CreateNamedPipe
Traceback (most recent call last):
  File "program\event_pipe_host.py", line 101, in _run
    if not handle or handle==ctypes.c_void_p(-1).value:raise OSError(ctypes.get_last_error(),'CreateNamedPipe')
                                                       ^^^^^^^^^^^^^^^^^^^^^^^^^^^^^^^^^^^^^^^^^^^^^^^^^^^^^^^^
OSError: [Errno 231] CreateNamedPipe
[STAFF] 2026-10-01 00:15:11,557 [WARNING] STAFF pipe reconnect: [Errno 231] CreateNamedPipe
Traceback (most recent call last):
  File "program\event_pipe_host.py", line 101, in _run
    if not handle or handle==ctypes.c_void_p(-1).value:raise OSError(ctypes.get_last_error(),'CreateNamedPipe')
                                                       ^^^^^^^^^^^^^^^^^^^^^^^^^^^^^^^^^^^^^^^^^^^^^^^^^^^^^^^^
OSError: [Errno 231] CreateNamedPipe
[STAFF] 2026-10-01 00:15:11,759 [WARNING] STAFF pipe reconnect: [Errno 231] CreateNamedPipe
Traceback (most recent call last):
  File "program\event_pipe_host.py", line 101, in _run
    if not handle or handle==ctypes.c_void_p(-1).value:raise OSError(ctypes.get_last_error(),'CreateNamedPipe')
                                                       ^^^^^^^^^^^^^^^^^^^^^^^^^^^^^^^^^^^^^^^^^^^^^^^^^^^^^^^^
OSError: [Errno 231] CreateNamedPipe
[STAFF] 2026-10-01 00:15:11,960 [WARNING] STAFF pipe reconnect: [Errno 231] CreateNamedPipe
Traceback (most recent call last):
  File "program\event_pipe_host.py", line 101, in _run
    if not handle or handle==ctypes.c_void_p(-1).value:raise OSError(ctypes.get_last_error(),'CreateNamedPipe')
                                                       ^^^^^^^^^^^^^^^^^^^^^^^^^^^^^^^^^^^^^^^^^^^^^^^^^^^^^^^^
OSError: [Errno 231] CreateNamedPipe
[STAFF] 2026-10-01 00:15:12,161 [WARNING] STAFF pipe reconnect: [Errno 231] CreateNamedPipe
Traceback (most recent call last):
  File "program\event_pipe_host.py", line 101, in _run
    if not handle or handle==ctypes.c_void_p(-1).value:raise OSError(ctypes.get_last_error(),'CreateNamedPipe')
                                                       ^^^^^^^^^^^^^^^^^^^^^^^^^^^^^^^^^^^^^^^^^^^^^^^^^^^^^^^^
OSError: [Errno 231] CreateNamedPipe
[STAFF] 2026-10-01 00:15:12,362 [WARNING] STAFF pipe reconnect: [Errno 231] CreateNamedPipe
Traceback (most recent call last):
  File "program\event_pipe_host.py", line 101, in _run
    if not handle or handle==ctypes.c_void_p(-1).value:raise OSError(ctypes.get_last_error(),'CreateNamedPipe')
                                                       ^^^^^^^^^^^^^^^^^^^^^^^^^^^^^^^^^^^^^^^^^^^^^^^^^^^^^^^^
OSError: [Errno 231] CreateNamedPipe
[STAFF] 2026-10-01 00:15:12,564 [WARNING] STAFF pipe reconnect: [Errno 231] CreateNamedPipe
Traceback (most recent call last):
  File "program\event_pipe_host.py", line 101, in _run
    if not handle or handle==ctypes.c_void_p(-1).value:raise OSError(ctypes.get_last_error(),'CreateNamedPipe')
                                                       ^^^^^^^^^^^^^^^^^^^^^^^^^^^^^^^^^^^^^^^^^^^^^^^^^^^^^^^^
OSError: [Errno 231] CreateNamedPipe
[STAFF] 2026-10-01 00:15:12,766 [WARNING] STAFF pipe reconnect: [Errno 231] CreateNamedPipe
Traceback (most recent call last):
  File "program\event_pipe_host.py", line 101, in _run
    if not handle or handle==ctypes.c_void_p(-1).value:raise OSError(ctypes.get_last_error(),'CreateNamedPipe')
                                                       ^^^^^^^^^^^^^^^^^^^^^^^^^^^^^^^^^^^^^^^^^^^^^^^^^^^^^^^^
OSError: [Errno 231] CreateNamedPipe
[STAFF] 2026-10-01 00:15:12,966 [WARNING] STAFF pipe reconnect: [Errno 231] CreateNamedPipe
Traceback (most recent call last):
  File "program\event_pipe_host.py", line 101, in _run
    if not handle or handle==ctypes.c_void_p(-1).value:raise OSError(ctypes.get_last_error(),'CreateNamedPipe')
                                                       ^^^^^^^^^^^^^^^^^^^^^^^^^^^^^^^^^^^^^^^^^^^^^^^^^^^^^^^^
OSError: [Errno 231] CreateNamedPipe
[STAFF] 2026-10-01 00:15:13,167 [WARNING] STAFF pipe reconnect: [Errno 231] CreateNamedPipe
Traceback (most recent call last):
  File "program\event_pipe_host.py", line 101, in _run
    if not handle or handle==ctypes.c_void_p(-1).value:raise OSError(ctypes.get_last_error(),'CreateNamedPipe')
                                                       ^^^^^^^^^^^^^^^^^^^^^^^^^^^^^^^^^^^^^^^^^^^^^^^^^^^^^^^^
OSError: [Errno 231] CreateNamedPipe
[STAFF] 2026-10-01 00:15:13,367 [WARNING] STAFF pipe reconnect: [Errno 231] CreateNamedPipe
Traceback (most recent call last):
  File "program\event_pipe_host.py", line 101, in _run
    if not handle or handle==ctypes.c_void_p(-1).value:raise OSError(ctypes.get_last_error(),'CreateNamedPipe')
                                                       ^^^^^^^^^^^^^^^^^^^^^^^^^^^^^^^^^^^^^^^^^^^^^^^^^^^^^^^^
OSError: [Errno 231] CreateNamedPipe
[STAFF] 2026-10-01 00:15:13,567 [WARNING] STAFF pipe reconnect: [Errno 231] CreateNamedPipe
Traceback (most recent call last):
  File "program\event_pipe_host.py", line 101, in _run
    if not handle or handle==ctypes.c_void_p(-1).value:raise OSError(ctypes.get_last_error(),'CreateNamedPipe')
                                                       ^^^^^^^^^^^^^^^^^^^^^^^^^^^^^^^^^^^^^^^^^^^^^^^^^^^^^^^^
OSError: [Errno 231] CreateNamedPipe
[STAFF] 2026-10-01 00:15:13,768 [WARNING] STAFF pipe reconnect: [Errno 231] CreateNamedPipe
Traceback (most recent call last):
  File "program\event_pipe_host.py", line 101, in _run
    if not handle or handle==ctypes.c_void_p(-1).value:raise OSError(ctypes.get_last_error(),'CreateNamedPipe')
                                                       ^^^^^^^^^^^^^^^^^^^^^^^^^^^^^^^^^^^^^^^^^^^^^^^^^^^^^^^^
OSError: [Errno 231] CreateNamedPipe
[STAFF] 2026-10-01 00:15:13,968 [WARNING] STAFF pipe reconnect: [Errno 231] CreateNamedPipe
Traceback (most recent call last):
  File "program\event_pipe_host.py", line 101, in _run
    if not handle or handle==ctypes.c_void_p(-1).value:raise OSError(ctypes.get_last_error(),'CreateNamedPipe')
                                                       ^^^^^^^^^^^^^^^^^^^^^^^^^^^^^^^^^^^^^^^^^^^^^^^^^^^^^^^^
OSError: [Errno 231] CreateNamedPipe
[STAFF] 2026-10-01 00:15:14,169 [WARNING] STAFF pipe reconnect: [Errno 231] CreateNamedPipe
Traceback (most recent call last):
  File "program\event_pipe_host.py", line 101, in _run
    if not handle or handle==ctypes.c_void_p(-1).value:raise OSError(ctypes.get_last_error(),'CreateNamedPipe')
                                                       ^^^^^^^^^^^^^^^^^^^^^^^^^^^^^^^^^^^^^^^^^^^^^^^^^^^^^^^^
OSError: [Errno 231] CreateNamedPipe
[STAFF] 2026-10-01 00:15:14,370 [WARNING] STAFF pipe reconnect: [Errno 231] CreateNamedPipe
Traceback (most recent call last):
  File "program\event_pipe_host.py", line 101, in _run
    if not handle or handle==ctypes.c_void_p(-1).value:raise OSError(ctypes.get_last_error(),'CreateNamedPipe')
                                                       ^^^^^^^^^^^^^^^^^^^^^^^^^^^^^^^^^^^^^^^^^^^^^^^^^^^^^^^^
OSError: [Errno 231] CreateNamedPipe
[STAFF] 2026-10-01 00:15:14,571 [WARNING] STAFF pipe reconnect: [Errno 231] CreateNamedPipe
Traceback (most recent call last):
  File "program\event_pipe_host.py", line 101, in _run
    if not handle or handle==ctypes.c_void_p(-1).value:raise OSError(ctypes.get_last_error(),'CreateNamedPipe')
                                                       ^^^^^^^^^^^^^^^^^^^^^^^^^^^^^^^^^^^^^^^^^^^^^^^^^^^^^^^^
OSError: [Errno 231] CreateNamedPipe
[STAFF] 2026-10-01 00:15:14,771 [WARNING] STAFF pipe reconnect: [Errno 231] CreateNamedPipe
Traceback (most recent call last):
  File "program\event_pipe_host.py", line 101, in _run
    if not handle or handle==ctypes.c_void_p(-1).value:raise OSError(ctypes.get_last_error(),'CreateNamedPipe')
                                                       ^^^^^^^^^^^^^^^^^^^^^^^^^^^^^^^^^^^^^^^^^^^^^^^^^^^^^^^^
OSError: [Errno 231] CreateNamedPipe
[STAFF] 2026-10-01 00:15:14,972 [WARNING] STAFF pipe reconnect: [Errno 231] CreateNamedPipe
Traceback (most recent call last):
  File "program\event_pipe_host.py", line 101, in _run
    if not handle or handle==ctypes.c_void_p(-1).value:raise OSError(ctypes.get_last_error(),'CreateNamedPipe')
                                                       ^^^^^^^^^^^^^^^^^^^^^^^^^^^^^^^^^^^^^^^^^^^^^^^^^^^^^^^^
OSError: [Errno 231] CreateNamedPipe
[STAFF] 2026-10-01 00:15:15,173 [WARNING] STAFF pipe reconnect: [Errno 231] CreateNamedPipe
Traceback (most recent call last):
  File "program\event_pipe_host.py", line 101, in _run
    if not handle or handle==ctypes.c_void_p(-1).value:raise OSError(ctypes.get_last_error(),'CreateNamedPipe')
                                                       ^^^^^^^^^^^^^^^^^^^^^^^^^^^^^^^^^^^^^^^^^^^^^^^^^^^^^^^^
OSError: [Errno 231] CreateNamedPipe
[STAFF] 2026-10-01 00:15:15,376 [WARNING] STAFF pipe reconnect: [Errno 231] CreateNamedPipe
Traceback (most recent call last):
  File "program\event_pipe_host.py", line 101, in _run
    if not handle or handle==ctypes.c_void_p(-1).value:raise OSError(ctypes.get_last_error(),'CreateNamedPipe')
                                                       ^^^^^^^^^^^^^^^^^^^^^^^^^^^^^^^^^^^^^^^^^^^^^^^^^^^^^^^^
OSError: [Errno 231] CreateNamedPipe
[STAFF] 2026-10-01 00:15:15,577 [WARNING] STAFF pipe reconnect: [Errno 231] CreateNamedPipe
Traceback (most recent call last):
  File "program\event_pipe_host.py", line 101, in _run
    if not handle or handle==ctypes.c_void_p(-1).value:raise OSError(ctypes.get_last_error(),'CreateNamedPipe')
                                                       ^^^^^^^^^^^^^^^^^^^^^^^^^^^^^^^^^^^^^^^^^^^^^^^^^^^^^^^^
OSError: [Errno 231] CreateNamedPipe
[STAFF] 2026-10-01 00:15:15,778 [WARNING] STAFF pipe reconnect: [Errno 231] CreateNamedPipe
Traceback (most recent call last):
  File "program\event_pipe_host.py", line 101, in _run
    if not handle or handle==ctypes.c_void_p(-1).value:raise OSError(ctypes.get_last_error(),'CreateNamedPipe')
                                                       ^^^^^^^^^^^^^^^^^^^^^^^^^^^^^^^^^^^^^^^^^^^^^^^^^^^^^^^^
OSError: [Errno 231] CreateNamedPipe
[STAFF] 2026-10-01 00:15:15,979 [WARNING] STAFF pipe reconnect: [Errno 231] CreateNamedPipe
Traceback (most recent call last):
  File "program\event_pipe_host.py", line 101, in _run
    if not handle or handle==ctypes.c_void_p(-1).value:raise OSError(ctypes.get_last_error(),'CreateNamedPipe')
                                                       ^^^^^^^^^^^^^^^^^^^^^^^^^^^^^^^^^^^^^^^^^^^^^^^^^^^^^^^^
OSError: [Errno 231] CreateNamedPipe
[STAFF] 2026-10-01 00:15:16,179 [WARNING] STAFF pipe reconnect: [Errno 231] CreateNamedPipe
Traceback (most recent call last):
  File "program\event_pipe_host.py", line 101, in _run
    if not handle or handle==ctypes.c_void_p(-1).value:raise OSError(ctypes.get_last_error(),'CreateNamedPipe')
                                                       ^^^^^^^^^^^^^^^^^^^^^^^^^^^^^^^^^^^^^^^^^^^^^^^^^^^^^^^^
OSError: [Errno 231] CreateNamedPipe
[STAFF] 2026-10-01 00:15:16,380 [WARNING] STAFF pipe reconnect: [Errno 231] CreateNamedPipe
Traceback (most recent call last):
  File "program\event_pipe_host.py", line 101, in _run
    if not handle or handle==ctypes.c_void_p(-1).value:raise OSError(ctypes.get_last_error(),'CreateNamedPipe')
                                                       ^^^^^^^^^^^^^^^^^^^^^^^^^^^^^^^^^^^^^^^^^^^^^^^^^^^^^^^^
OSError: [Errno 231] CreateNamedPipe
[STAFF] 2026-10-01 00:15:16,581 [WARNING] STAFF pipe reconnect: [Errno 231] CreateNamedPipe
Traceback (most recent call last):
  File "program\event_pipe_host.py", line 101, in _run
    if not handle or handle==ctypes.c_void_p(-1).value:raise OSError(ctypes.get_last_error(),'CreateNamedPipe')
                                                       ^^^^^^^^^^^^^^^^^^^^^^^^^^^^^^^^^^^^^^^^^^^^^^^^^^^^^^^^
OSError: [Errno 231] CreateNamedPipe
[STAFF] 2026-10-01 00:15:16,781 [WARNING] STAFF pipe reconnect: [Errno 231] CreateNamedPipe
Traceback (most recent call last):
  File "program\event_pipe_host.py", line 101, in _run
    if not handle or handle==ctypes.c_void_p(-1).value:raise OSError(ctypes.get_last_error(),'CreateNamedPipe')
                                                       ^^^^^^^^^^^^^^^^^^^^^^^^^^^^^^^^^^^^^^^^^^^^^^^^^^^^^^^^
OSError: [Errno 231] CreateNamedPipe
[STAFF] 2026-10-01 00:15:16,982 [WARNING] STAFF pipe reconnect: [Errno 231] CreateNamedPipe
Traceback (most recent call last):
  File "program\event_pipe_host.py", line 101, in _run
    if not handle or handle==ctypes.c_void_p(-1).value:raise OSError(ctypes.get_last_error(),'CreateNamedPipe')
                                                       ^^^^^^^^^^^^^^^^^^^^^^^^^^^^^^^^^^^^^^^^^^^^^^^^^^^^^^^^
OSError: [Errno 231] CreateNamedPipe
[STAFF] 2026-10-01 00:15:17,183 [WARNING] STAFF pipe reconnect: [Errno 231] CreateNamedPipe
Traceback (most recent call last):
  File "program\event_pipe_host.py", line 101, in _run
    if not handle or handle==ctypes.c_void_p(-1).value:raise OSError(ctypes.get_last_error(),'CreateNamedPipe')
                                                       ^^^^^^^^^^^^^^^^^^^^^^^^^^^^^^^^^^^^^^^^^^^^^^^^^^^^^^^^
OSError: [Errno 231] CreateNamedPipe
[STAFF] 2026-10-01 00:15:17,383 [WARNING] STAFF pipe reconnect: [Errno 231] CreateNamedPipe
Traceback (most recent call last):
  File "program\event_pipe_host.py", line 101, in _run
    if not handle or handle==ctypes.c_void_p(-1).value:raise OSError(ctypes.get_last_error(),'CreateNamedPipe')
                                                       ^^^^^^^^^^^^^^^^^^^^^^^^^^^^^^^^^^^^^^^^^^^^^^^^^^^^^^^^
OSError: [Errno 231] CreateNamedPipe
[STAFF] 2026-10-01 00:15:17,584 [WARNING] STAFF pipe reconnect: [Errno 231] CreateNamedPipe
Traceback (most recent call last):
  File "program\event_pipe_host.py", line 101, in _run
    if not handle or handle==ctypes.c_void_p(-1).value:raise OSError(ctypes.get_last_error(),'CreateNamedPipe')
                                                       ^^^^^^^^^^^^^^^^^^^^^^^^^^^^^^^^^^^^^^^^^^^^^^^^^^^^^^^^
OSError: [Errno 231] CreateNamedPipe
[STAFF] 2026-10-01 00:15:17,785 [WARNING] STAFF pipe reconnect: [Errno 231] CreateNamedPipe
Traceback (most recent call last):
  File "program\event_pipe_host.py", line 101, in _run
    if not handle or handle==ctypes.c_void_p(-1).value:raise OSError(ctypes.get_last_error(),'CreateNamedPipe')
                                                       ^^^^^^^^^^^^^^^^^^^^^^^^^^^^^^^^^^^^^^^^^^^^^^^^^^^^^^^^
OSError: [Errno 231] CreateNamedPipe
[STAFF] 2026-10-01 00:15:17,985 [WARNING] STAFF pipe reconnect: [Errno 231] CreateNamedPipe
Traceback (most recent call last):
  File "program\event_pipe_host.py", line 101, in _run
    if not handle or handle==ctypes.c_void_p(-1).value:raise OSError(ctypes.get_last_error(),'CreateNamedPipe')
                                                       ^^^^^^^^^^^^^^^^^^^^^^^^^^^^^^^^^^^^^^^^^^^^^^^^^^^^^^^^
OSError: [Errno 231] CreateNamedPipe
[STAFF] 2026-10-01 00:15:18,186 [WARNING] STAFF pipe reconnect: [Errno 231] CreateNamedPipe
Traceback (most recent call last):
  File "program\event_pipe_host.py", line 101, in _run
    if not handle or handle==ctypes.c_void_p(-1).value:raise OSError(ctypes.get_last_error(),'CreateNamedPipe')
                                                       ^^^^^^^^^^^^^^^^^^^^^^^^^^^^^^^^^^^^^^^^^^^^^^^^^^^^^^^^
OSError: [Errno 231] CreateNamedPipe
[STAFF] 2026-10-01 00:15:18,387 [WARNING] STAFF pipe reconnect: [Errno 231] CreateNamedPipe
Traceback (most recent call last):
  File "program\event_pipe_host.py", line 101, in _run
    if not handle or handle==ctypes.c_void_p(-1).value:raise OSError(ctypes.get_last_error(),'CreateNamedPipe')
                                                       ^^^^^^^^^^^^^^^^^^^^^^^^^^^^^^^^^^^^^^^^^^^^^^^^^^^^^^^^
OSError: [Errno 231] CreateNamedPipe
[STAFF] 2026-10-01 00:15:18,588 [WARNING] STAFF pipe reconnect: [Errno 231] CreateNamedPipe
Traceback (most recent call last):
  File "program\event_pipe_host.py", line 101, in _run
    if not handle or handle==ctypes.c_void_p(-1).value:raise OSError(ctypes.get_last_error(),'CreateNamedPipe')
                                                       ^^^^^^^^^^^^^^^^^^^^^^^^^^^^^^^^^^^^^^^^^^^^^^^^^^^^^^^^
OSError: [Errno 231] CreateNamedPipe
[STAFF] 2026-10-01 00:15:18,789 [WARNING] STAFF pipe reconnect: [Errno 231] CreateNamedPipe
Traceback (most recent call last):
  File "program\event_pipe_host.py", line 101, in _run
    if not handle or handle==ctypes.c_void_p(-1).value:raise OSError(ctypes.get_last_error(),'CreateNamedPipe')
                                                       ^^^^^^^^^^^^^^^^^^^^^^^^^^^^^^^^^^^^^^^^^^^^^^^^^^^^^^^^
OSError: [Errno 231] CreateNamedPipe
[STAFF] 2026-10-01 00:15:18,990 [WARNING] STAFF pipe reconnect: [Errno 231] CreateNamedPipe
Traceback (most recent call last):
  File "program\event_pipe_host.py", line 101, in _run
    if not handle or handle==ctypes.c_void_p(-1).value:raise OSError(ctypes.get_last_error(),'CreateNamedPipe')
                                                       ^^^^^^^^^^^^^^^^^^^^^^^^^^^^^^^^^^^^^^^^^^^^^^^^^^^^^^^^
OSError: [Errno 231] CreateNamedPipe
[STAFF] 2026-10-01 00:15:19,190 [WARNING] STAFF pipe reconnect: [Errno 231] CreateNamedPipe
Traceback (most recent call last):
  File "program\event_pipe_host.py", line 101, in _run
    if not handle or handle==ctypes.c_void_p(-1).value:raise OSError(ctypes.get_last_error(),'CreateNamedPipe')
                                                       ^^^^^^^^^^^^^^^^^^^^^^^^^^^^^^^^^^^^^^^^^^^^^^^^^^^^^^^^
OSError: [Errno 231] CreateNamedPipe
[STAFF] 2026-10-01 00:15:19,390 [WARNING] STAFF pipe reconnect: [Errno 231] CreateNamedPipe
Traceback (most recent call last):
  File "program\event_pipe_host.py", line 101, in _run
    if not handle or handle==ctypes.c_void_p(-1).value:raise OSError(ctypes.get_last_error(),'CreateNamedPipe')
                                                       ^^^^^^^^^^^^^^^^^^^^^^^^^^^^^^^^^^^^^^^^^^^^^^^^^^^^^^^^
OSError: [Errno 231] CreateNamedPipe
[STAFF] 2026-10-01 00:15:19,593 [WARNING] STAFF pipe reconnect: [Errno 231] CreateNamedPipe
Traceback (most recent call last):
  File "program\event_pipe_host.py", line 101, in _run
    if not handle or handle==ctypes.c_void_p(-1).value:raise OSError(ctypes.get_last_error(),'CreateNamedPipe')
                                                       ^^^^^^^^^^^^^^^^^^^^^^^^^^^^^^^^^^^^^^^^^^^^^^^^^^^^^^^^
OSError: [Errno 231] CreateNamedPipe
[STAFF] 2026-10-01 00:15:19,794 [WARNING] STAFF pipe reconnect: [Errno 231] CreateNamedPipe
Traceback (most recent call last):
  File "program\event_pipe_host.py", line 101, in _run
    if not handle or handle==ctypes.c_void_p(-1).value:raise OSError(ctypes.get_last_error(),'CreateNamedPipe')
                                                       ^^^^^^^^^^^^^^^^^^^^^^^^^^^^^^^^^^^^^^^^^^^^^^^^^^^^^^^^
OSError: [Errno 231] CreateNamedPipe
[STAFF] 2026-10-01 00:15:19,996 [WARNING] STAFF pipe reconnect: [Errno 231] CreateNamedPipe
Traceback (most recent call last):
  File "program\event_pipe_host.py", line 101, in _run
    if not handle or handle==ctypes.c_void_p(-1).value:raise OSError(ctypes.get_last_error(),'CreateNamedPipe')
                                                       ^^^^^^^^^^^^^^^^^^^^^^^^^^^^^^^^^^^^^^^^^^^^^^^^^^^^^^^^
OSError: [Errno 231] CreateNamedPipe
[STAFF] 2026-10-01 00:15:20,196 [WARNING] STAFF pipe reconnect: [Errno 231] CreateNamedPipe
Traceback (most recent call last):
  File "program\event_pipe_host.py", line 101, in _run
    if not handle or handle==ctypes.c_void_p(-1).value:raise OSError(ctypes.get_last_error(),'CreateNamedPipe')
                                                       ^^^^^^^^^^^^^^^^^^^^^^^^^^^^^^^^^^^^^^^^^^^^^^^^^^^^^^^^
OSError: [Errno 231] CreateNamedPipe
[STAFF] 2026-10-01 00:15:20,397 [WARNING] STAFF pipe reconnect: [Errno 231] CreateNamedPipe
Traceback (most recent call last):
  File "program\event_pipe_host.py", line 101, in _run
    if not handle or handle==ctypes.c_void_p(-1).value:raise OSError(ctypes.get_last_error(),'CreateNamedPipe')
                                                       ^^^^^^^^^^^^^^^^^^^^^^^^^^^^^^^^^^^^^^^^^^^^^^^^^^^^^^^^
OSError: [Errno 231] CreateNamedPipe
[STAFF] 2026-10-01 00:15:20,598 [WARNING] STAFF pipe reconnect: [Errno 231] CreateNamedPipe
Traceback (most recent call last):
  File "program\event_pipe_host.py", line 101, in _run
    if not handle or handle==ctypes.c_void_p(-1).value:raise OSError(ctypes.get_last_error(),'CreateNamedPipe')
                                                       ^^^^^^^^^^^^^^^^^^^^^^^^^^^^^^^^^^^^^^^^^^^^^^^^^^^^^^^^
OSError: [Errno 231] CreateNamedPipe
[STAFF] 2026-10-01 00:15:20,799 [WARNING] STAFF pipe reconnect: [Errno 231] CreateNamedPipe
Traceback (most recent call last):
  File "program\event_pipe_host.py", line 101, in _run
    if not handle or handle==ctypes.c_void_p(-1).value:raise OSError(ctypes.get_last_error(),'CreateNamedPipe')
                                                       ^^^^^^^^^^^^^^^^^^^^^^^^^^^^^^^^^^^^^^^^^^^^^^^^^^^^^^^^
OSError: [Errno 231] CreateNamedPipe
[STAFF] 2026-10-01 00:15:21,000 [WARNING] STAFF pipe reconnect: [Errno 231] CreateNamedPipe
Traceback (most recent call last):
  File "program\event_pipe_host.py", line 101, in _run
    if not handle or handle==ctypes.c_void_p(-1).value:raise OSError(ctypes.get_last_error(),'CreateNamedPipe')
                                                       ^^^^^^^^^^^^^^^^^^^^^^^^^^^^^^^^^^^^^^^^^^^^^^^^^^^^^^^^
OSError: [Errno 231] CreateNamedPipe
[STAFF] 2026-10-01 00:15:21,201 [WARNING] STAFF pipe reconnect: [Errno 231] CreateNamedPipe
Traceback (most recent call last):
  File "program\event_pipe_host.py", line 101, in _run
    if not handle or handle==ctypes.c_void_p(-1).value:raise OSError(ctypes.get_last_error(),'CreateNamedPipe')
                                                       ^^^^^^^^^^^^^^^^^^^^^^^^^^^^^^^^^^^^^^^^^^^^^^^^^^^^^^^^
OSError: [Errno 231] CreateNamedPipe
[STAFF] 2026-10-01 00:15:21,402 [WARNING] STAFF pipe reconnect: [Errno 231] CreateNamedPipe
Traceback (most recent call last):
  File "program\event_pipe_host.py", line 101, in _run
    if not handle or handle==ctypes.c_void_p(-1).value:raise OSError(ctypes.get_last_error(),'CreateNamedPipe')
                                                       ^^^^^^^^^^^^^^^^^^^^^^^^^^^^^^^^^^^^^^^^^^^^^^^^^^^^^^^^
OSError: [Errno 231] CreateNamedPipe
[STAFF] 2026-10-01 00:15:21,604 [WARNING] STAFF pipe reconnect: [Errno 231] CreateNamedPipe
Traceback (most recent call last):
  File "program\event_pipe_host.py", line 101, in _run
    if not handle or handle==ctypes.c_void_p(-1).value:raise OSError(ctypes.get_last_error(),'CreateNamedPipe')
                                                       ^^^^^^^^^^^^^^^^^^^^^^^^^^^^^^^^^^^^^^^^^^^^^^^^^^^^^^^^
OSError: [Errno 231] CreateNamedPipe
[STAFF] 2026-10-01 00:15:21,804 [WARNING] STAFF pipe reconnect: [Errno 231] CreateNamedPipe
Traceback (most recent call last):
  File "program\event_pipe_host.py", line 101, in _run
    if not handle or handle==ctypes.c_void_p(-1).value:raise OSError(ctypes.get_last_error(),'CreateNamedPipe')
                                                       ^^^^^^^^^^^^^^^^^^^^^^^^^^^^^^^^^^^^^^^^^^^^^^^^^^^^^^^^
OSError: [Errno 231] CreateNamedPipe
[STAFF] 2026-10-01 00:15:22,005 [WARNING] STAFF pipe reconnect: [Errno 231] CreateNamedPipe
Traceback (most recent call last):
  File "program\event_pipe_host.py", line 101, in _run
    if not handle or handle==ctypes.c_void_p(-1).value:raise OSError(ctypes.get_last_error(),'CreateNamedPipe')
                                                       ^^^^^^^^^^^^^^^^^^^^^^^^^^^^^^^^^^^^^^^^^^^^^^^^^^^^^^^^
OSError: [Errno 231] CreateNamedPipe
[STAFF] 2026-10-01 00:15:22,205 [WARNING] STAFF pipe reconnect: [Errno 231] CreateNamedPipe
Traceback (most recent call last):
  File "program\event_pipe_host.py", line 101, in _run
    if not handle or handle==ctypes.c_void_p(-1).value:raise OSError(ctypes.get_last_error(),'CreateNamedPipe')
                                                       ^^^^^^^^^^^^^^^^^^^^^^^^^^^^^^^^^^^^^^^^^^^^^^^^^^^^^^^^
OSError: [Errno 231] CreateNamedPipe
[STAFF] 2026-10-01 00:15:22,407 [WARNING] STAFF pipe reconnect: [Errno 231] CreateNamedPipe
Traceback (most recent call last):
  File "program\event_pipe_host.py", line 101, in _run
    if not handle or handle==ctypes.c_void_p(-1).value:raise OSError(ctypes.get_last_error(),'CreateNamedPipe')
                                                       ^^^^^^^^^^^^^^^^^^^^^^^^^^^^^^^^^^^^^^^^^^^^^^^^^^^^^^^^
OSError: [Errno 231] CreateNamedPipe
[STAFF] 2026-10-01 00:15:22,607 [WARNING] STAFF pipe reconnect: [Errno 231] CreateNamedPipe
Traceback (most recent call last):
  File "program\event_pipe_host.py", line 101, in _run
    if not handle or handle==ctypes.c_void_p(-1).value:raise OSError(ctypes.get_last_error(),'CreateNamedPipe')
                                                       ^^^^^^^^^^^^^^^^^^^^^^^^^^^^^^^^^^^^^^^^^^^^^^^^^^^^^^^^
OSError: [Errno 231] CreateNamedPipe
[STAFF] 2026-10-01 00:15:22,808 [WARNING] STAFF pipe reconnect: [Errno 231] CreateNamedPipe
Traceback (most recent call last):
  File "program\event_pipe_host.py", line 101, in _run
    if not handle or handle==ctypes.c_void_p(-1).value:raise OSError(ctypes.get_last_error(),'CreateNamedPipe')
                                                       ^^^^^^^^^^^^^^^^^^^^^^^^^^^^^^^^^^^^^^^^^^^^^^^^^^^^^^^^
OSError: [Errno 231] CreateNamedPipe
[STAFF] 2026-10-01 00:15:23,010 [WARNING] STAFF pipe reconnect: [Errno 231] CreateNamedPipe
Traceback (most recent call last):
  File "program\event_pipe_host.py", line 101, in _run
    if not handle or handle==ctypes.c_void_p(-1).value:raise OSError(ctypes.get_last_error(),'CreateNamedPipe')
                                                       ^^^^^^^^^^^^^^^^^^^^^^^^^^^^^^^^^^^^^^^^^^^^^^^^^^^^^^^^
OSError: [Errno 231] CreateNamedPipe
[STAFF] 2026-10-01 00:15:23,212 [WARNING] STAFF pipe reconnect: [Errno 231] CreateNamedPipe
Traceback (most recent call last):
  File "program\event_pipe_host.py", line 101, in _run
    if not handle or handle==ctypes.c_void_p(-1).value:raise OSError(ctypes.get_last_error(),'CreateNamedPipe')
                                                       ^^^^^^^^^^^^^^^^^^^^^^^^^^^^^^^^^^^^^^^^^^^^^^^^^^^^^^^^
OSError: [Errno 231] CreateNamedPipe
[STAFF] 2026-10-01 00:15:23,413 [WARNING] STAFF pipe reconnect: [Errno 231] CreateNamedPipe
Traceback (most recent call last):
  File "program\event_pipe_host.py", line 101, in _run
    if not handle or handle==ctypes.c_void_p(-1).value:raise OSError(ctypes.get_last_error(),'CreateNamedPipe')
                                                       ^^^^^^^^^^^^^^^^^^^^^^^^^^^^^^^^^^^^^^^^^^^^^^^^^^^^^^^^
OSError: [Errno 231] CreateNamedPipe
[STAFF] 2026-10-01 00:15:23,615 [WARNING] STAFF pipe reconnect: [Errno 231] CreateNamedPipe
Traceback (most recent call last):
  File "program\event_pipe_host.py", line 101, in _run
    if not handle or handle==ctypes.c_void_p(-1).value:raise OSError(ctypes.get_last_error(),'CreateNamedPipe')
                                                       ^^^^^^^^^^^^^^^^^^^^^^^^^^^^^^^^^^^^^^^^^^^^^^^^^^^^^^^^
OSError: [Errno 231] CreateNamedPipe
[STAFF] 2026-10-01 00:15:23,816 [WARNING] STAFF pipe reconnect: [Errno 231] CreateNamedPipe
Traceback (most recent call last):
  File "program\event_pipe_host.py", line 101, in _run
    if not handle or handle==ctypes.c_void_p(-1).value:raise OSError(ctypes.get_last_error(),'CreateNamedPipe')
                                                       ^^^^^^^^^^^^^^^^^^^^^^^^^^^^^^^^^^^^^^^^^^^^^^^^^^^^^^^^
OSError: [Errno 231] CreateNamedPipe
[STAFF] 2026-10-01 00:15:24,017 [WARNING] STAFF pipe reconnect: [Errno 231] CreateNamedPipe
Traceback (most recent call last):
  File "program\event_pipe_host.py", line 101, in _run
    if not handle or handle==ctypes.c_void_p(-1).value:raise OSError(ctypes.get_last_error(),'CreateNamedPipe')
                                                       ^^^^^^^^^^^^^^^^^^^^^^^^^^^^^^^^^^^^^^^^^^^^^^^^^^^^^^^^
OSError: [Errno 231] CreateNamedPipe
[STAFF] 2026-10-01 00:15:24,219 [WARNING] STAFF pipe reconnect: [Errno 231] CreateNamedPipe
Traceback (most recent call last):
  File "program\event_pipe_host.py", line 101, in _run
    if not handle or handle==ctypes.c_void_p(-1).value:raise OSError(ctypes.get_last_error(),'CreateNamedPipe')
                                                       ^^^^^^^^^^^^^^^^^^^^^^^^^^^^^^^^^^^^^^^^^^^^^^^^^^^^^^^^
OSError: [Errno 231] CreateNamedPipe
[STAFF] 2026-10-01 00:15:24,419 [WARNING] STAFF pipe reconnect: [Errno 231] CreateNamedPipe
Traceback (most recent call last):
  File "program\event_pipe_host.py", line 101, in _run
    if not handle or handle==ctypes.c_void_p(-1).value:raise OSError(ctypes.get_last_error(),'CreateNamedPipe')
                                                       ^^^^^^^^^^^^^^^^^^^^^^^^^^^^^^^^^^^^^^^^^^^^^^^^^^^^^^^^
OSError: [Errno 231] CreateNamedPipe
[STAFF] 2026-10-01 00:15:24,620 [WARNING] STAFF pipe reconnect: [Errno 231] CreateNamedPipe
Traceback (most recent call last):
  File "program\event_pipe_host.py", line 101, in _run
    if not handle or handle==ctypes.c_void_p(-1).value:raise OSError(ctypes.get_last_error(),'CreateNamedPipe')
                                                       ^^^^^^^^^^^^^^^^^^^^^^^^^^^^^^^^^^^^^^^^^^^^^^^^^^^^^^^^
OSError: [Errno 231] CreateNamedPipe
[STAFF] 2026-10-01 00:15:24,821 [WARNING] STAFF pipe reconnect: [Errno 231] CreateNamedPipe
Traceback (most recent call last):
  File "program\event_pipe_host.py", line 101, in _run
    if not handle or handle==ctypes.c_void_p(-1).value:raise OSError(ctypes.get_last_error(),'CreateNamedPipe')
                                                       ^^^^^^^^^^^^^^^^^^^^^^^^^^^^^^^^^^^^^^^^^^^^^^^^^^^^^^^^
OSError: [Errno 231] CreateNamedPipe
[STAFF] 2026-10-01 00:15:25,022 [WARNING] STAFF pipe reconnect: [Errno 231] CreateNamedPipe
Traceback (most recent call last):
  File "program\event_pipe_host.py", line 101, in _run
    if not handle or handle==ctypes.c_void_p(-1).value:raise OSError(ctypes.get_last_error(),'CreateNamedPipe')
                                                       ^^^^^^^^^^^^^^^^^^^^^^^^^^^^^^^^^^^^^^^^^^^^^^^^^^^^^^^^
OSError: [Errno 231] CreateNamedPipe
[STAFF] 2026-10-01 00:15:25,223 [WARNING] STAFF pipe reconnect: [Errno 231] CreateNamedPipe
Traceback (most recent call last):
  File "program\event_pipe_host.py", line 101, in _run
    if not handle or handle==ctypes.c_void_p(-1).value:raise OSError(ctypes.get_last_error(),'CreateNamedPipe')
                                                       ^^^^^^^^^^^^^^^^^^^^^^^^^^^^^^^^^^^^^^^^^^^^^^^^^^^^^^^^
OSError: [Errno 231] CreateNamedPipe
[STAFF] 2026-10-01 00:15:25,424 [WARNING] STAFF pipe reconnect: [Errno 231] CreateNamedPipe
Traceback (most recent call last):
  File "program\event_pipe_host.py", line 101, in _run
    if not handle or handle==ctypes.c_void_p(-1).value:raise OSError(ctypes.get_last_error(),'CreateNamedPipe')
                                                       ^^^^^^^^^^^^^^^^^^^^^^^^^^^^^^^^^^^^^^^^^^^^^^^^^^^^^^^^
OSError: [Errno 231] CreateNamedPipe
[STAFF] 2026-10-01 00:15:25,624 [WARNING] STAFF pipe reconnect: [Errno 231] CreateNamedPipe
Traceback (most recent call last):
  File "program\event_pipe_host.py", line 101, in _run
    if not handle or handle==ctypes.c_void_p(-1).value:raise OSError(ctypes.get_last_error(),'CreateNamedPipe')
                                                       ^^^^^^^^^^^^^^^^^^^^^^^^^^^^^^^^^^^^^^^^^^^^^^^^^^^^^^^^
OSError: [Errno 231] CreateNamedPipe
[STAFF] 2026-10-01 00:15:25,824 [WARNING] STAFF pipe reconnect: [Errno 231] CreateNamedPipe
Traceback (most recent call last):
  File "program\event_pipe_host.py", line 101, in _run
    if not handle or handle==ctypes.c_void_p(-1).value:raise OSError(ctypes.get_last_error(),'CreateNamedPipe')
                                                       ^^^^^^^^^^^^^^^^^^^^^^^^^^^^^^^^^^^^^^^^^^^^^^^^^^^^^^^^
OSError: [Errno 231] CreateNamedPipe
[STAFF] 2026-10-01 00:15:26,026 [WARNING] STAFF pipe reconnect: [Errno 231] CreateNamedPipe
Traceback (most recent call last):
  File "program\event_pipe_host.py", line 101, in _run
    if not handle or handle==ctypes.c_void_p(-1).value:raise OSError(ctypes.get_last_error(),'CreateNamedPipe')
                                                       ^^^^^^^^^^^^^^^^^^^^^^^^^^^^^^^^^^^^^^^^^^^^^^^^^^^^^^^^
OSError: [Errno 231] CreateNamedPipe
[STAFF] 2026-10-01 00:15:26,228 [WARNING] STAFF pipe reconnect: [Errno 231] CreateNamedPipe
Traceback (most recent call last):
  File "program\event_pipe_host.py", line 101, in _run
    if not handle or handle==ctypes.c_void_p(-1).value:raise OSError(ctypes.get_last_error(),'CreateNamedPipe')
                                                       ^^^^^^^^^^^^^^^^^^^^^^^^^^^^^^^^^^^^^^^^^^^^^^^^^^^^^^^^
OSError: [Errno 231] CreateNamedPipe
[STAFF] 2026-10-01 00:15:26,429 [WARNING] STAFF pipe reconnect: [Errno 231] CreateNamedPipe
Traceback (most recent call last):
  File "program\event_pipe_host.py", line 101, in _run
    if not handle or handle==ctypes.c_void_p(-1).value:raise OSError(ctypes.get_last_error(),'CreateNamedPipe')
                                                       ^^^^^^^^^^^^^^^^^^^^^^^^^^^^^^^^^^^^^^^^^^^^^^^^^^^^^^^^
OSError: [Errno 231] CreateNamedPipe
[STAFF] 2026-10-01 00:15:26,630 [WARNING] STAFF pipe reconnect: [Errno 231] CreateNamedPipe
Traceback (most recent call last):
  File "program\event_pipe_host.py", line 101, in _run
    if not handle or handle==ctypes.c_void_p(-1).value:raise OSError(ctypes.get_last_error(),'CreateNamedPipe')
                                                       ^^^^^^^^^^^^^^^^^^^^^^^^^^^^^^^^^^^^^^^^^^^^^^^^^^^^^^^^
OSError: [Errno 231] CreateNamedPipe
[STAFF] 2026-10-01 00:15:26,831 [WARNING] STAFF pipe reconnect: [Errno 231] CreateNamedPipe
Traceback (most recent call last):
  File "program\event_pipe_host.py", line 101, in _run
    if not handle or handle==ctypes.c_void_p(-1).value:raise OSError(ctypes.get_last_error(),'CreateNamedPipe')
                                                       ^^^^^^^^^^^^^^^^^^^^^^^^^^^^^^^^^^^^^^^^^^^^^^^^^^^^^^^^
OSError: [Errno 231] CreateNamedPipe
[STAFF] 2026-10-01 00:15:27,032 [WARNING] STAFF pipe reconnect: [Errno 231] CreateNamedPipe
Traceback (most recent call last):
  File "program\event_pipe_host.py", line 101, in _run
    if not handle or handle==ctypes.c_void_p(-1).value:raise OSError(ctypes.get_last_error(),'CreateNamedPipe')
                                                       ^^^^^^^^^^^^^^^^^^^^^^^^^^^^^^^^^^^^^^^^^^^^^^^^^^^^^^^^
OSError: [Errno 231] CreateNamedPipe
[STAFF] 2026-10-01 00:15:27,233 [WARNING] STAFF pipe reconnect: [Errno 231] CreateNamedPipe
Traceback (most recent call last):
  File "program\event_pipe_host.py", line 101, in _run
    if not handle or handle==ctypes.c_void_p(-1).value:raise OSError(ctypes.get_last_error(),'CreateNamedPipe')
                                                       ^^^^^^^^^^^^^^^^^^^^^^^^^^^^^^^^^^^^^^^^^^^^^^^^^^^^^^^^
OSError: [Errno 231] CreateNamedPipe
[STAFF] 2026-10-01 00:15:27,432 [WARNING] STAFF pipe reconnect: [Errno 231] CreateNamedPipe
Traceback (most recent call last):
  File "program\event_pipe_host.py", line 101, in _run
    if not handle or handle==ctypes.c_void_p(-1).value:raise OSError(ctypes.get_last_error(),'CreateNamedPipe')
                                                       ^^^^^^^^^^^^^^^^^^^^^^^^^^^^^^^^^^^^^^^^^^^^^^^^^^^^^^^^
OSError: [Errno 231] CreateNamedPipe
[STAFF] 2026-10-01 00:15:27,634 [WARNING] STAFF pipe reconnect: [Errno 231] CreateNamedPipe
Traceback (most recent call last):
  File "program\event_pipe_host.py", line 101, in _run
    if not handle or handle==ctypes.c_void_p(-1).value:raise OSError(ctypes.get_last_error(),'CreateNamedPipe')
                                                       ^^^^^^^^^^^^^^^^^^^^^^^^^^^^^^^^^^^^^^^^^^^^^^^^^^^^^^^^
OSError: [Errno 231] CreateNamedPipe
[STAFF] 2026-10-01 00:15:27,835 [WARNING] STAFF pipe reconnect: [Errno 231] CreateNamedPipe
Traceback (most recent call last):
  File "program\event_pipe_host.py", line 101, in _run
    if not handle or handle==ctypes.c_void_p(-1).value:raise OSError(ctypes.get_last_error(),'CreateNamedPipe')
                                                       ^^^^^^^^^^^^^^^^^^^^^^^^^^^^^^^^^^^^^^^^^^^^^^^^^^^^^^^^
OSError: [Errno 231] CreateNamedPipe
[STAFF] 2026-10-01 00:15:28,037 [WARNING] STAFF pipe reconnect: [Errno 231] CreateNamedPipe
Traceback (most recent call last):
  File "program\event_pipe_host.py", line 101, in _run
    if not handle or handle==ctypes.c_void_p(-1).value:raise OSError(ctypes.get_last_error(),'CreateNamedPipe')
                                                       ^^^^^^^^^^^^^^^^^^^^^^^^^^^^^^^^^^^^^^^^^^^^^^^^^^^^^^^^
OSError: [Errno 231] CreateNamedPipe
[STAFF] 2026-10-01 00:15:28,237 [WARNING] STAFF pipe reconnect: [Errno 231] CreateNamedPipe
Traceback (most recent call last):
  File "program\event_pipe_host.py", line 101, in _run
    if not handle or handle==ctypes.c_void_p(-1).value:raise OSError(ctypes.get_last_error(),'CreateNamedPipe')
                                                       ^^^^^^^^^^^^^^^^^^^^^^^^^^^^^^^^^^^^^^^^^^^^^^^^^^^^^^^^
OSError: [Errno 231] CreateNamedPipe
[STAFF] 2026-10-01 00:15:28,438 [WARNING] STAFF pipe reconnect: [Errno 231] CreateNamedPipe
Traceback (most recent call last):
  File "program\event_pipe_host.py", line 101, in _run
    if not handle or handle==ctypes.c_void_p(-1).value:raise OSError(ctypes.get_last_error(),'CreateNamedPipe')
                                                       ^^^^^^^^^^^^^^^^^^^^^^^^^^^^^^^^^^^^^^^^^^^^^^^^^^^^^^^^
OSError: [Errno 231] CreateNamedPipe
[STAFF] 2026-10-01 00:15:28,639 [WARNING] STAFF pipe reconnect: [Errno 231] CreateNamedPipe
Traceback (most recent call last):
  File "program\event_pipe_host.py", line 101, in _run
    if not handle or handle==ctypes.c_void_p(-1).value:raise OSError(ctypes.get_last_error(),'CreateNamedPipe')
                                                       ^^^^^^^^^^^^^^^^^^^^^^^^^^^^^^^^^^^^^^^^^^^^^^^^^^^^^^^^
OSError: [Errno 231] CreateNamedPipe
[STAFF] 2026-10-01 00:15:28,840 [WARNING] STAFF pipe reconnect: [Errno 231] CreateNamedPipe
Traceback (most recent call last):
  File "program\event_pipe_host.py", line 101, in _run
    if not handle or handle==ctypes.c_void_p(-1).value:raise OSError(ctypes.get_last_error(),'CreateNamedPipe')
                                                       ^^^^^^^^^^^^^^^^^^^^^^^^^^^^^^^^^^^^^^^^^^^^^^^^^^^^^^^^
OSError: [Errno 231] CreateNamedPipe
[STAFF] 2026-10-01 00:15:29,041 [WARNING] STAFF pipe reconnect: [Errno 231] CreateNamedPipe
Traceback (most recent call last):
  File "program\event_pipe_host.py", line 101, in _run
    if not handle or handle==ctypes.c_void_p(-1).value:raise OSError(ctypes.get_last_error(),'CreateNamedPipe')
                                                       ^^^^^^^^^^^^^^^^^^^^^^^^^^^^^^^^^^^^^^^^^^^^^^^^^^^^^^^^
OSError: [Errno 231] CreateNamedPipe
[STAFF] 2026-10-01 00:15:29,242 [WARNING] STAFF pipe reconnect: [Errno 231] CreateNamedPipe
Traceback (most recent call last):
  File "program\event_pipe_host.py", line 101, in _run
    if not handle or handle==ctypes.c_void_p(-1).value:raise OSError(ctypes.get_last_error(),'CreateNamedPipe')
                                                       ^^^^^^^^^^^^^^^^^^^^^^^^^^^^^^^^^^^^^^^^^^^^^^^^^^^^^^^^
OSError: [Errno 231] CreateNamedPipe
[STAFF] 2026-10-01 00:15:29,445 [WARNING] STAFF pipe reconnect: [Errno 231] CreateNamedPipe
Traceback (most recent call last):
  File "program\event_pipe_host.py", line 101, in _run
    if not handle or handle==ctypes.c_void_p(-1).value:raise OSError(ctypes.get_last_error(),'CreateNamedPipe')
                                                       ^^^^^^^^^^^^^^^^^^^^^^^^^^^^^^^^^^^^^^^^^^^^^^^^^^^^^^^^
OSError: [Errno 231] CreateNamedPipe
[STAFF] 2026-10-01 00:15:29,646 [WARNING] STAFF pipe reconnect: [Errno 231] CreateNamedPipe
Traceback (most recent call last):
  File "program\event_pipe_host.py", line 101, in _run
    if not handle or handle==ctypes.c_void_p(-1).value:raise OSError(ctypes.get_last_error(),'CreateNamedPipe')
                                                       ^^^^^^^^^^^^^^^^^^^^^^^^^^^^^^^^^^^^^^^^^^^^^^^^^^^^^^^^
OSError: [Errno 231] CreateNamedPipe
[STAFF] 2026-10-01 00:15:29,847 [WARNING] STAFF pipe reconnect: [Errno 231] CreateNamedPipe
Traceback (most recent call last):
  File "program\event_pipe_host.py", line 101, in _run
    if not handle or handle==ctypes.c_void_p(-1).value:raise OSError(ctypes.get_last_error(),'CreateNamedPipe')
                                                       ^^^^^^^^^^^^^^^^^^^^^^^^^^^^^^^^^^^^^^^^^^^^^^^^^^^^^^^^
OSError: [Errno 231] CreateNamedPipe
[STAFF] 2026-10-01 00:15:30,048 [WARNING] STAFF pipe reconnect: [Errno 231] CreateNamedPipe
Traceback (most recent call last):
  File "program\event_pipe_host.py", line 101, in _run
    if not handle or handle==ctypes.c_void_p(-1).value:raise OSError(ctypes.get_last_error(),'CreateNamedPipe')
                                                       ^^^^^^^^^^^^^^^^^^^^^^^^^^^^^^^^^^^^^^^^^^^^^^^^^^^^^^^^
OSError: [Errno 231] CreateNamedPipe
[STAFF] 2026-10-01 00:15:30,249 [WARNING] STAFF pipe reconnect: [Errno 231] CreateNamedPipe
Traceback (most recent call last):
  File "program\event_pipe_host.py", line 101, in _run
    if not handle or handle==ctypes.c_void_p(-1).value:raise OSError(ctypes.get_last_error(),'CreateNamedPipe')
                                                       ^^^^^^^^^^^^^^^^^^^^^^^^^^^^^^^^^^^^^^^^^^^^^^^^^^^^^^^^
OSError: [Errno 231] CreateNamedPipe
[STAFF] 2026-10-01 00:15:30,451 [WARNING] STAFF pipe reconnect: [Errno 231] CreateNamedPipe
Traceback (most recent call last):
  File "program\event_pipe_host.py", line 101, in _run
    if not handle or handle==ctypes.c_void_p(-1).value:raise OSError(ctypes.get_last_error(),'CreateNamedPipe')
                                                       ^^^^^^^^^^^^^^^^^^^^^^^^^^^^^^^^^^^^^^^^^^^^^^^^^^^^^^^^
OSError: [Errno 231] CreateNamedPipe
[STAFF] 2026-10-01 00:15:30,651 [WARNING] STAFF pipe reconnect: [Errno 231] CreateNamedPipe
Traceback (most recent call last):
  File "program\event_pipe_host.py", line 101, in _run
    if not handle or handle==ctypes.c_void_p(-1).value:raise OSError(ctypes.get_last_error(),'CreateNamedPipe')
                                                       ^^^^^^^^^^^^^^^^^^^^^^^^^^^^^^^^^^^^^^^^^^^^^^^^^^^^^^^^
OSError: [Errno 231] CreateNamedPipe
[STAFF] 2026-10-01 00:15:30,852 [WARNING] STAFF pipe reconnect: [Errno 231] CreateNamedPipe
Traceback (most recent call last):
  File "program\event_pipe_host.py", line 101, in _run
    if not handle or handle==ctypes.c_void_p(-1).value:raise OSError(ctypes.get_last_error(),'CreateNamedPipe')
                                                       ^^^^^^^^^^^^^^^^^^^^^^^^^^^^^^^^^^^^^^^^^^^^^^^^^^^^^^^^
OSError: [Errno 231] CreateNamedPipe
[STAFF] 2026-10-01 00:15:31,053 [WARNING] STAFF pipe reconnect: [Errno 231] CreateNamedPipe
Traceback (most recent call last):
  File "program\event_pipe_host.py", line 101, in _run
    if not handle or handle==ctypes.c_void_p(-1).value:raise OSError(ctypes.get_last_error(),'CreateNamedPipe')
                                                       ^^^^^^^^^^^^^^^^^^^^^^^^^^^^^^^^^^^^^^^^^^^^^^^^^^^^^^^^
OSError: [Errno 231] CreateNamedPipe
[STAFF] 2026-10-01 00:15:31,254 [WARNING] STAFF pipe reconnect: [Errno 231] CreateNamedPipe
Traceback (most recent call last):
  File "program\event_pipe_host.py", line 101, in _run
    if not handle or handle==ctypes.c_void_p(-1).value:raise OSError(ctypes.get_last_error(),'CreateNamedPipe')
                                                       ^^^^^^^^^^^^^^^^^^^^^^^^^^^^^^^^^^^^^^^^^^^^^^^^^^^^^^^^
OSError: [Errno 231] CreateNamedPipe
[STAFF] 2026-10-01 00:15:31,455 [WARNING] STAFF pipe reconnect: [Errno 231] CreateNamedPipe
Traceback (most recent call last):
  File "program\event_pipe_host.py", line 101, in _run
    if not handle or handle==ctypes.c_void_p(-1).value:raise OSError(ctypes.get_last_error(),'CreateNamedPipe')
                                                       ^^^^^^^^^^^^^^^^^^^^^^^^^^^^^^^^^^^^^^^^^^^^^^^^^^^^^^^^
OSError: [Errno 231] CreateNamedPipe
[STAFF] 2026-10-01 00:15:31,657 [WARNING] STAFF pipe reconnect: [Errno 231] CreateNamedPipe
Traceback (most recent call last):
  File "program\event_pipe_host.py", line 101, in _run
    if not handle or handle==ctypes.c_void_p(-1).value:raise OSError(ctypes.get_last_error(),'CreateNamedPipe')
                                                       ^^^^^^^^^^^^^^^^^^^^^^^^^^^^^^^^^^^^^^^^^^^^^^^^^^^^^^^^
OSError: [Errno 231] CreateNamedPipe
[STAFF] 2026-10-01 00:15:31,857 [WARNING] STAFF pipe reconnect: [Errno 231] CreateNamedPipe
Traceback (most recent call last):
  File "program\event_pipe_host.py", line 101, in _run
    if not handle or handle==ctypes.c_void_p(-1).value:raise OSError(ctypes.get_last_error(),'CreateNamedPipe')
                                                       ^^^^^^^^^^^^^^^^^^^^^^^^^^^^^^^^^^^^^^^^^^^^^^^^^^^^^^^^
OSError: [Errno 231] CreateNamedPipe
[STAFF] 2026-10-01 00:15:32,058 [WARNING] STAFF pipe reconnect: [Errno 231] CreateNamedPipe
Traceback (most recent call last):
  File "program\event_pipe_host.py", line 101, in _run
    if not handle or handle==ctypes.c_void_p(-1).value:raise OSError(ctypes.get_last_error(),'CreateNamedPipe')
                                                       ^^^^^^^^^^^^^^^^^^^^^^^^^^^^^^^^^^^^^^^^^^^^^^^^^^^^^^^^
OSError: [Errno 231] CreateNamedPipe
[STAFF] 2026-10-01 00:15:32,260 [WARNING] STAFF pipe reconnect: [Errno 231] CreateNamedPipe
Traceback (most recent call last):
  File "program\event_pipe_host.py", line 101, in _run
    if not handle or handle==ctypes.c_void_p(-1).value:raise OSError(ctypes.get_last_error(),'CreateNamedPipe')
                                                       ^^^^^^^^^^^^^^^^^^^^^^^^^^^^^^^^^^^^^^^^^^^^^^^^^^^^^^^^
OSError: [Errno 231] CreateNamedPipe
[STAFF] 2026-10-01 00:15:32,462 [WARNING] STAFF pipe reconnect: [Errno 231] CreateNamedPipe
Traceback (most recent call last):
  File "program\event_pipe_host.py", line 101, in _run
    if not handle or handle==ctypes.c_void_p(-1).value:raise OSError(ctypes.get_last_error(),'CreateNamedPipe')
                                                       ^^^^^^^^^^^^^^^^^^^^^^^^^^^^^^^^^^^^^^^^^^^^^^^^^^^^^^^^
OSError: [Errno 231] CreateNamedPipe
[STAFF] 2026-10-01 00:15:32,663 [WARNING] STAFF pipe reconnect: [Errno 231] CreateNamedPipe
Traceback (most recent call last):
  File "program\event_pipe_host.py", line 101, in _run
    if not handle or handle==ctypes.c_void_p(-1).value:raise OSError(ctypes.get_last_error(),'CreateNamedPipe')
                                                       ^^^^^^^^^^^^^^^^^^^^^^^^^^^^^^^^^^^^^^^^^^^^^^^^^^^^^^^^
OSError: [Errno 231] CreateNamedPipe
[STAFF] 2026-10-01 00:15:32,865 [WARNING] STAFF pipe reconnect: [Errno 231] CreateNamedPipe
Traceback (most recent call last):
  File "program\event_pipe_host.py", line 101, in _run
    if not handle or handle==ctypes.c_void_p(-1).value:raise OSError(ctypes.get_last_error(),'CreateNamedPipe')
                                                       ^^^^^^^^^^^^^^^^^^^^^^^^^^^^^^^^^^^^^^^^^^^^^^^^^^^^^^^^
OSError: [Errno 231] CreateNamedPipe
[STAFF] 2026-10-01 00:15:33,066 [WARNING] STAFF pipe reconnect: [Errno 231] CreateNamedPipe
Traceback (most recent call last):
  File "program\event_pipe_host.py", line 101, in _run
    if not handle or handle==ctypes.c_void_p(-1).value:raise OSError(ctypes.get_last_error(),'CreateNamedPipe')
                                                       ^^^^^^^^^^^^^^^^^^^^^^^^^^^^^^^^^^^^^^^^^^^^^^^^^^^^^^^^
OSError: [Errno 231] CreateNamedPipe
[STAFF] 2026-10-01 00:15:33,267 [WARNING] STAFF pipe reconnect: [Errno 231] CreateNamedPipe
Traceback (most recent call last):
  File "program\event_pipe_host.py", line 101, in _run
    if not handle or handle==ctypes.c_void_p(-1).value:raise OSError(ctypes.get_last_error(),'CreateNamedPipe')
                                                       ^^^^^^^^^^^^^^^^^^^^^^^^^^^^^^^^^^^^^^^^^^^^^^^^^^^^^^^^
OSError: [Errno 231] CreateNamedPipe
[STAFF] 2026-10-01 00:15:33,468 [WARNING] STAFF pipe reconnect: [Errno 231] CreateNamedPipe
Traceback (most recent call last):
  File "program\event_pipe_host.py", line 101, in _run
    if not handle or handle==ctypes.c_void_p(-1).value:raise OSError(ctypes.get_last_error(),'CreateNamedPipe')
                                                       ^^^^^^^^^^^^^^^^^^^^^^^^^^^^^^^^^^^^^^^^^^^^^^^^^^^^^^^^
OSError: [Errno 231] CreateNamedPipe
[STAFF] 2026-10-01 00:15:33,669 [WARNING] STAFF pipe reconnect: [Errno 231] CreateNamedPipe
Traceback (most recent call last):
  File "program\event_pipe_host.py", line 101, in _run
    if not handle or handle==ctypes.c_void_p(-1).value:raise OSError(ctypes.get_last_error(),'CreateNamedPipe')
                                                       ^^^^^^^^^^^^^^^^^^^^^^^^^^^^^^^^^^^^^^^^^^^^^^^^^^^^^^^^
OSError: [Errno 231] CreateNamedPipe
[STAFF] 2026-10-01 00:15:33,871 [WARNING] STAFF pipe reconnect: [Errno 231] CreateNamedPipe
Traceback (most recent call last):
  File "program\event_pipe_host.py", line 101, in _run
    if not handle or handle==ctypes.c_void_p(-1).value:raise OSError(ctypes.get_last_error(),'CreateNamedPipe')
                                                       ^^^^^^^^^^^^^^^^^^^^^^^^^^^^^^^^^^^^^^^^^^^^^^^^^^^^^^^^
OSError: [Errno 231] CreateNamedPipe
[STAFF] 2026-10-01 00:15:34,072 [WARNING] STAFF pipe reconnect: [Errno 231] CreateNamedPipe
Traceback (most recent call last):
  File "program\event_pipe_host.py", line 101, in _run
    if not handle or handle==ctypes.c_void_p(-1).value:raise OSError(ctypes.get_last_error(),'CreateNamedPipe')
                                                       ^^^^^^^^^^^^^^^^^^^^^^^^^^^^^^^^^^^^^^^^^^^^^^^^^^^^^^^^
OSError: [Errno 231] CreateNamedPipe
[STAFF] 2026-10-01 00:15:34,273 [WARNING] STAFF pipe reconnect: [Errno 231] CreateNamedPipe
Traceback (most recent call last):
  File "program\event_pipe_host.py", line 101, in _run
    if not handle or handle==ctypes.c_void_p(-1).value:raise OSError(ctypes.get_last_error(),'CreateNamedPipe')
                                                       ^^^^^^^^^^^^^^^^^^^^^^^^^^^^^^^^^^^^^^^^^^^^^^^^^^^^^^^^
OSError: [Errno 231] CreateNamedPipe
[STAFF] 2026-10-01 00:15:34,473 [WARNING] STAFF pipe reconnect: [Errno 231] CreateNamedPipe
Traceback (most recent call last):
  File "program\event_pipe_host.py", line 101, in _run
    if not handle or handle==ctypes.c_void_p(-1).value:raise OSError(ctypes.get_last_error(),'CreateNamedPipe')
                                                       ^^^^^^^^^^^^^^^^^^^^^^^^^^^^^^^^^^^^^^^^^^^^^^^^^^^^^^^^
OSError: [Errno 231] CreateNamedPipe
[STAFF] 2026-10-01 00:15:34,674 [WARNING] STAFF pipe reconnect: [Errno 231] CreateNamedPipe
Traceback (most recent call last):
  File "program\event_pipe_host.py", line 101, in _run
    if not handle or handle==ctypes.c_void_p(-1).value:raise OSError(ctypes.get_last_error(),'CreateNamedPipe')
                                                       ^^^^^^^^^^^^^^^^^^^^^^^^^^^^^^^^^^^^^^^^^^^^^^^^^^^^^^^^
OSError: [Errno 231] CreateNamedPipe
[STAFF] 2026-10-01 00:15:34,879 [WARNING] STAFF pipe reconnect: [Errno 231] CreateNamedPipe
Traceback (most recent call last):
  File "program\event_pipe_host.py", line 101, in _run
    if not handle or handle==ctypes.c_void_p(-1).value:raise OSError(ctypes.get_last_error(),'CreateNamedPipe')
                                                       ^^^^^^^^^^^^^^^^^^^^^^^^^^^^^^^^^^^^^^^^^^^^^^^^^^^^^^^^
OSError: [Errno 231] CreateNamedPipe
[STAFF] 2026-10-01 00:15:35,080 [WARNING] STAFF pipe reconnect: [Errno 231] CreateNamedPipe
Traceback (most recent call last):
  File "program\event_pipe_host.py", line 101, in _run
    if not handle or handle==ctypes.c_void_p(-1).value:raise OSError(ctypes.get_last_error(),'CreateNamedPipe')
                                                       ^^^^^^^^^^^^^^^^^^^^^^^^^^^^^^^^^^^^^^^^^^^^^^^^^^^^^^^^
OSError: [Errno 231] CreateNamedPipe
[STAFF] 2026-10-01 00:15:35,280 [WARNING] STAFF pipe reconnect: [Errno 231] CreateNamedPipe
Traceback (most recent call last):
  File "program\event_pipe_host.py", line 101, in _run
    if not handle or handle==ctypes.c_void_p(-1).value:raise OSError(ctypes.get_last_error(),'CreateNamedPipe')
                                                       ^^^^^^^^^^^^^^^^^^^^^^^^^^^^^^^^^^^^^^^^^^^^^^^^^^^^^^^^
OSError: [Errno 231] CreateNamedPipe
[STAFF] 2026-10-01 00:15:35,481 [WARNING] STAFF pipe reconnect: [Errno 231] CreateNamedPipe
Traceback (most recent call last):
  File "program\event_pipe_host.py", line 101, in _run
    if not handle or handle==ctypes.c_void_p(-1).value:raise OSError(ctypes.get_last_error(),'CreateNamedPipe')
                                                       ^^^^^^^^^^^^^^^^^^^^^^^^^^^^^^^^^^^^^^^^^^^^^^^^^^^^^^^^
OSError: [Errno 231] CreateNamedPipe
[STAFF] 2026-10-01 00:15:35,682 [WARNING] STAFF pipe reconnect: [Errno 231] CreateNamedPipe
Traceback (most recent call last):
  File "program\event_pipe_host.py", line 101, in _run
    if not handle or handle==ctypes.c_void_p(-1).value:raise OSError(ctypes.get_last_error(),'CreateNamedPipe')
                                                       ^^^^^^^^^^^^^^^^^^^^^^^^^^^^^^^^^^^^^^^^^^^^^^^^^^^^^^^^
OSError: [Errno 231] CreateNamedPipe
[STAFF] 2026-10-01 00:15:35,885 [WARNING] STAFF pipe reconnect: [Errno 231] CreateNamedPipe
Traceback (most recent call last):
  File "program\event_pipe_host.py", line 101, in _run
    if not handle or handle==ctypes.c_void_p(-1).value:raise OSError(ctypes.get_last_error(),'CreateNamedPipe')
                                                       ^^^^^^^^^^^^^^^^^^^^^^^^^^^^^^^^^^^^^^^^^^^^^^^^^^^^^^^^
OSError: [Errno 231] CreateNamedPipe
[STAFF] 2026-10-01 00:15:36,085 [WARNING] STAFF pipe reconnect: [Errno 231] CreateNamedPipe
Traceback (most recent call last):
  File "program\event_pipe_host.py", line 101, in _run
    if not handle or handle==ctypes.c_void_p(-1).value:raise OSError(ctypes.get_last_error(),'CreateNamedPipe')
                                                       ^^^^^^^^^^^^^^^^^^^^^^^^^^^^^^^^^^^^^^^^^^^^^^^^^^^^^^^^
OSError: [Errno 231] CreateNamedPipe
[STAFF] 2026-10-01 00:15:36,285 [WARNING] STAFF pipe reconnect: [Errno 231] CreateNamedPipe
Traceback (most recent call last):
  File "program\event_pipe_host.py", line 101, in _run
    if not handle or handle==ctypes.c_void_p(-1).value:raise OSError(ctypes.get_last_error(),'CreateNamedPipe')
                                                       ^^^^^^^^^^^^^^^^^^^^^^^^^^^^^^^^^^^^^^^^^^^^^^^^^^^^^^^^
OSError: [Errno 231] CreateNamedPipe
[STAFF] 2026-10-01 00:15:36,485 [WARNING] STAFF pipe reconnect: [Errno 231] CreateNamedPipe
Traceback (most recent call last):
  File "program\event_pipe_host.py", line 101, in _run
    if not handle or handle==ctypes.c_void_p(-1).value:raise OSError(ctypes.get_last_error(),'CreateNamedPipe')
                                                       ^^^^^^^^^^^^^^^^^^^^^^^^^^^^^^^^^^^^^^^^^^^^^^^^^^^^^^^^
OSError: [Errno 231] CreateNamedPipe
[STAFF] 2026-10-01 00:15:36,686 [WARNING] STAFF pipe reconnect: [Errno 231] CreateNamedPipe
Traceback (most recent call last):
  File "program\event_pipe_host.py", line 101, in _run
    if not handle or handle==ctypes.c_void_p(-1).value:raise OSError(ctypes.get_last_error(),'CreateNamedPipe')
                                                       ^^^^^^^^^^^^^^^^^^^^^^^^^^^^^^^^^^^^^^^^^^^^^^^^^^^^^^^^
OSError: [Errno 231] CreateNamedPipe
[STAFF] 2026-10-01 00:15:36,886 [WARNING] STAFF pipe reconnect: [Errno 231] CreateNamedPipe
Traceback (most recent call last):
  File "program\event_pipe_host.py", line 101, in _run
    if not handle or handle==ctypes.c_void_p(-1).value:raise OSError(ctypes.get_last_error(),'CreateNamedPipe')
                                                       ^^^^^^^^^^^^^^^^^^^^^^^^^^^^^^^^^^^^^^^^^^^^^^^^^^^^^^^^
OSError: [Errno 231] CreateNamedPipe
[STAFF] 2026-10-01 00:15:37,086 [WARNING] STAFF pipe reconnect: [Errno 231] CreateNamedPipe
Traceback (most recent call last):
  File "program\event_pipe_host.py", line 101, in _run
    if not handle or handle==ctypes.c_void_p(-1).value:raise OSError(ctypes.get_last_error(),'CreateNamedPipe')
                                                       ^^^^^^^^^^^^^^^^^^^^^^^^^^^^^^^^^^^^^^^^^^^^^^^^^^^^^^^^
OSError: [Errno 231] CreateNamedPipe
[STAFF] 2026-10-01 00:15:37,287 [WARNING] STAFF pipe reconnect: [Errno 231] CreateNamedPipe
Traceback (most recent call last):
  File "program\event_pipe_host.py", line 101, in _run
    if not handle or handle==ctypes.c_void_p(-1).value:raise OSError(ctypes.get_last_error(),'CreateNamedPipe')
                                                       ^^^^^^^^^^^^^^^^^^^^^^^^^^^^^^^^^^^^^^^^^^^^^^^^^^^^^^^^
OSError: [Errno 231] CreateNamedPipe
[STAFF] 2026-10-01 00:15:37,488 [WARNING] STAFF pipe reconnect: [Errno 231] CreateNamedPipe
Traceback (most recent call last):
  File "program\event_pipe_host.py", line 101, in _run
    if not handle or handle==ctypes.c_void_p(-1).value:raise OSError(ctypes.get_last_error(),'CreateNamedPipe')
                                                       ^^^^^^^^^^^^^^^^^^^^^^^^^^^^^^^^^^^^^^^^^^^^^^^^^^^^^^^^
OSError: [Errno 231] CreateNamedPipe
[STAFF] 2026-10-01 00:15:37,688 [WARNING] STAFF pipe reconnect: [Errno 231] CreateNamedPipe
Traceback (most recent call last):
  File "program\event_pipe_host.py", line 101, in _run
    if not handle or handle==ctypes.c_void_p(-1).value:raise OSError(ctypes.get_last_error(),'CreateNamedPipe')
                                                       ^^^^^^^^^^^^^^^^^^^^^^^^^^^^^^^^^^^^^^^^^^^^^^^^^^^^^^^^
OSError: [Errno 231] CreateNamedPipe
[STAFF] 2026-10-01 00:15:37,889 [WARNING] STAFF pipe reconnect: [Errno 231] CreateNamedPipe
Traceback (most recent call last):
  File "program\event_pipe_host.py", line 101, in _run
    if not handle or handle==ctypes.c_void_p(-1).value:raise OSError(ctypes.get_last_error(),'CreateNamedPipe')
                                                       ^^^^^^^^^^^^^^^^^^^^^^^^^^^^^^^^^^^^^^^^^^^^^^^^^^^^^^^^
OSError: [Errno 231] CreateNamedPipe
[STAFF] 2026-10-01 00:15:38,090 [WARNING] STAFF pipe reconnect: [Errno 231] CreateNamedPipe
Traceback (most recent call last):
  File "program\event_pipe_host.py", line 101, in _run
    if not handle or handle==ctypes.c_void_p(-1).value:raise OSError(ctypes.get_last_error(),'CreateNamedPipe')
                                                       ^^^^^^^^^^^^^^^^^^^^^^^^^^^^^^^^^^^^^^^^^^^^^^^^^^^^^^^^
OSError: [Errno 231] CreateNamedPipe
[STAFF] 2026-10-01 00:15:38,290 [WARNING] STAFF pipe reconnect: [Errno 231] CreateNamedPipe
Traceback (most recent call last):
  File "program\event_pipe_host.py", line 101, in _run
    if not handle or handle==ctypes.c_void_p(-1).value:raise OSError(ctypes.get_last_error(),'CreateNamedPipe')
                                                       ^^^^^^^^^^^^^^^^^^^^^^^^^^^^^^^^^^^^^^^^^^^^^^^^^^^^^^^^
OSError: [Errno 231] CreateNamedPipe
[STAFF] 2026-10-01 00:15:38,491 [WARNING] STAFF pipe reconnect: [Errno 231] CreateNamedPipe
Traceback (most recent call last):
  File "program\event_pipe_host.py", line 101, in _run
    if not handle or handle==ctypes.c_void_p(-1).value:raise OSError(ctypes.get_last_error(),'CreateNamedPipe')
                                                       ^^^^^^^^^^^^^^^^^^^^^^^^^^^^^^^^^^^^^^^^^^^^^^^^^^^^^^^^
OSError: [Errno 231] CreateNamedPipe
[STAFF] 2026-10-01 00:15:38,693 [WARNING] STAFF pipe reconnect: [Errno 231] CreateNamedPipe
Traceback (most recent call last):
  File "program\event_pipe_host.py", line 101, in _run
    if not handle or handle==ctypes.c_void_p(-1).value:raise OSError(ctypes.get_last_error(),'CreateNamedPipe')
                                                       ^^^^^^^^^^^^^^^^^^^^^^^^^^^^^^^^^^^^^^^^^^^^^^^^^^^^^^^^
OSError: [Errno 231] CreateNamedPipe
[STAFF] 2026-10-01 00:15:38,894 [WARNING] STAFF pipe reconnect: [Errno 231] CreateNamedPipe
Traceback (most recent call last):
  File "program\event_pipe_host.py", line 101, in _run
    if not handle or handle==ctypes.c_void_p(-1).value:raise OSError(ctypes.get_last_error(),'CreateNamedPipe')
                                                       ^^^^^^^^^^^^^^^^^^^^^^^^^^^^^^^^^^^^^^^^^^^^^^^^^^^^^^^^
OSError: [Errno 231] CreateNamedPipe
[STAFF] 2026-10-01 00:15:39,095 [WARNING] STAFF pipe reconnect: [Errno 231] CreateNamedPipe
Traceback (most recent call last):
  File "program\event_pipe_host.py", line 101, in _run
    if not handle or handle==ctypes.c_void_p(-1).value:raise OSError(ctypes.get_last_error(),'CreateNamedPipe')
                                                       ^^^^^^^^^^^^^^^^^^^^^^^^^^^^^^^^^^^^^^^^^^^^^^^^^^^^^^^^
OSError: [Errno 231] CreateNamedPipe
[STAFF] 2026-10-01 00:15:39,296 [WARNING] STAFF pipe reconnect: [Errno 231] CreateNamedPipe
Traceback (most recent call last):
  File "program\event_pipe_host.py", line 101, in _run
    if not handle or handle==ctypes.c_void_p(-1).value:raise OSError(ctypes.get_last_error(),'CreateNamedPipe')
                                                       ^^^^^^^^^^^^^^^^^^^^^^^^^^^^^^^^^^^^^^^^^^^^^^^^^^^^^^^^
OSError: [Errno 231] CreateNamedPipe
[STAFF] 2026-10-01 00:15:39,496 [WARNING] STAFF pipe reconnect: [Errno 231] CreateNamedPipe
Traceback (most recent call last):
  File "program\event_pipe_host.py", line 101, in _run
    if not handle or handle==ctypes.c_void_p(-1).value:raise OSError(ctypes.get_last_error(),'CreateNamedPipe')
                                                       ^^^^^^^^^^^^^^^^^^^^^^^^^^^^^^^^^^^^^^^^^^^^^^^^^^^^^^^^
OSError: [Errno 231] CreateNamedPipe
[STAFF] 2026-10-01 00:15:39,696 [WARNING] STAFF pipe reconnect: [Errno 231] CreateNamedPipe
Traceback (most recent call last):
  File "program\event_pipe_host.py", line 101, in _run
    if not handle or handle==ctypes.c_void_p(-1).value:raise OSError(ctypes.get_last_error(),'CreateNamedPipe')
                                                       ^^^^^^^^^^^^^^^^^^^^^^^^^^^^^^^^^^^^^^^^^^^^^^^^^^^^^^^^
OSError: [Errno 231] CreateNamedPipe
[STAFF] 2026-10-01 00:15:39,898 [WARNING] STAFF pipe reconnect: [Errno 231] CreateNamedPipe
Traceback (most recent call last):
  File "program\event_pipe_host.py", line 101, in _run
    if not handle or handle==ctypes.c_void_p(-1).value:raise OSError(ctypes.get_last_error(),'CreateNamedPipe')
                                                       ^^^^^^^^^^^^^^^^^^^^^^^^^^^^^^^^^^^^^^^^^^^^^^^^^^^^^^^^
OSError: [Errno 231] CreateNamedPipe
[STAFF] 2026-10-01 00:15:40,098 [WARNING] STAFF pipe reconnect: [Errno 231] CreateNamedPipe
Traceback (most recent call last):
  File "program\event_pipe_host.py", line 101, in _run
    if not handle or handle==ctypes.c_void_p(-1).value:raise OSError(ctypes.get_last_error(),'CreateNamedPipe')
                                                       ^^^^^^^^^^^^^^^^^^^^^^^^^^^^^^^^^^^^^^^^^^^^^^^^^^^^^^^^
OSError: [Errno 231] CreateNamedPipe
[STAFF] 2026-10-01 00:15:40,299 [WARNING] STAFF pipe reconnect: [Errno 231] CreateNamedPipe
Traceback (most recent call last):
  File "program\event_pipe_host.py", line 101, in _run
    if not handle or handle==ctypes.c_void_p(-1).value:raise OSError(ctypes.get_last_error(),'CreateNamedPipe')
                                                       ^^^^^^^^^^^^^^^^^^^^^^^^^^^^^^^^^^^^^^^^^^^^^^^^^^^^^^^^
OSError: [Errno 231] CreateNamedPipe
[STAFF] 2026-10-01 00:15:40,500 [WARNING] STAFF pipe reconnect: [Errno 231] CreateNamedPipe
Traceback (most recent call last):
  File "program\event_pipe_host.py", line 101, in _run
    if not handle or handle==ctypes.c_void_p(-1).value:raise OSError(ctypes.get_last_error(),'CreateNamedPipe')
                                                       ^^^^^^^^^^^^^^^^^^^^^^^^^^^^^^^^^^^^^^^^^^^^^^^^^^^^^^^^
OSError: [Errno 231] CreateNamedPipe
[STAFF] 2026-10-01 00:15:40,701 [WARNING] STAFF pipe reconnect: [Errno 231] CreateNamedPipe
Traceback (most recent call last):
  File "program\event_pipe_host.py", line 101, in _run
    if not handle or handle==ctypes.c_void_p(-1).value:raise OSError(ctypes.get_last_error(),'CreateNamedPipe')
                                                       ^^^^^^^^^^^^^^^^^^^^^^^^^^^^^^^^^^^^^^^^^^^^^^^^^^^^^^^^
OSError: [Errno 231] CreateNamedPipe
[STAFF] 2026-10-01 00:15:40,902 [WARNING] STAFF pipe reconnect: [Errno 231] CreateNamedPipe
Traceback (most recent call last):
  File "program\event_pipe_host.py", line 101, in _run
    if not handle or handle==ctypes.c_void_p(-1).value:raise OSError(ctypes.get_last_error(),'CreateNamedPipe')
                                                       ^^^^^^^^^^^^^^^^^^^^^^^^^^^^^^^^^^^^^^^^^^^^^^^^^^^^^^^^
OSError: [Errno 231] CreateNamedPipe
[STAFF] 2026-10-01 00:15:41,103 [WARNING] STAFF pipe reconnect: [Errno 231] CreateNamedPipe
Traceback (most recent call last):
  File "program\event_pipe_host.py", line 101, in _run
    if not handle or handle==ctypes.c_void_p(-1).value:raise OSError(ctypes.get_last_error(),'CreateNamedPipe')
                                                       ^^^^^^^^^^^^^^^^^^^^^^^^^^^^^^^^^^^^^^^^^^^^^^^^^^^^^^^^
OSError: [Errno 231] CreateNamedPipe
[STAFF] 2026-10-01 00:15:41,303 [WARNING] STAFF pipe reconnect: [Errno 231] CreateNamedPipe
Traceback (most recent call last):
  File "program\event_pipe_host.py", line 101, in _run
    if not handle or handle==ctypes.c_void_p(-1).value:raise OSError(ctypes.get_last_error(),'CreateNamedPipe')
                                                       ^^^^^^^^^^^^^^^^^^^^^^^^^^^^^^^^^^^^^^^^^^^^^^^^^^^^^^^^
OSError: [Errno 231] CreateNamedPipe
[STAFF] 2026-10-01 00:15:41,504 [WARNING] STAFF pipe reconnect: [Errno 231] CreateNamedPipe
Traceback (most recent call last):
  File "program\event_pipe_host.py", line 101, in _run
    if not handle or handle==ctypes.c_void_p(-1).value:raise OSError(ctypes.get_last_error(),'CreateNamedPipe')
                                                       ^^^^^^^^^^^^^^^^^^^^^^^^^^^^^^^^^^^^^^^^^^^^^^^^^^^^^^^^
OSError: [Errno 231] CreateNamedPipe
[STAFF] 2026-10-01 00:15:41,705 [WARNING] STAFF pipe reconnect: [Errno 231] CreateNamedPipe
Traceback (most recent call last):
  File "program\event_pipe_host.py", line 101, in _run
    if not handle or handle==ctypes.c_void_p(-1).value:raise OSError(ctypes.get_last_error(),'CreateNamedPipe')
                                                       ^^^^^^^^^^^^^^^^^^^^^^^^^^^^^^^^^^^^^^^^^^^^^^^^^^^^^^^^
OSError: [Errno 231] CreateNamedPipe
[STAFF] 2026-10-01 00:15:41,906 [WARNING] STAFF pipe reconnect: [Errno 231] CreateNamedPipe
Traceback (most recent call last):
  File "program\event_pipe_host.py", line 101, in _run
    if not handle or handle==ctypes.c_void_p(-1).value:raise OSError(ctypes.get_last_error(),'CreateNamedPipe')
                                                       ^^^^^^^^^^^^^^^^^^^^^^^^^^^^^^^^^^^^^^^^^^^^^^^^^^^^^^^^
OSError: [Errno 231] CreateNamedPipe
[STAFF] 2026-10-01 00:15:42,108 [WARNING] STAFF pipe reconnect: [Errno 231] CreateNamedPipe
Traceback (most recent call last):
  File "program\event_pipe_host.py", line 101, in _run
    if not handle or handle==ctypes.c_void_p(-1).value:raise OSError(ctypes.get_last_error(),'CreateNamedPipe')
                                                       ^^^^^^^^^^^^^^^^^^^^^^^^^^^^^^^^^^^^^^^^^^^^^^^^^^^^^^^^
OSError: [Errno 231] CreateNamedPipe
[STAFF] 2026-10-01 00:15:42,309 [WARNING] STAFF pipe reconnect: [Errno 231] CreateNamedPipe
Traceback (most recent call last):
  File "program\event_pipe_host.py", line 101, in _run
    if not handle or handle==ctypes.c_void_p(-1).value:raise OSError(ctypes.get_last_error(),'CreateNamedPipe')
                                                       ^^^^^^^^^^^^^^^^^^^^^^^^^^^^^^^^^^^^^^^^^^^^^^^^^^^^^^^^
OSError: [Errno 231] CreateNamedPipe
[STAFF] 2026-10-01 00:15:42,511 [WARNING] STAFF pipe reconnect: [Errno 231] CreateNamedPipe
Traceback (most recent call last):
  File "program\event_pipe_host.py", line 101, in _run
    if not handle or handle==ctypes.c_void_p(-1).value:raise OSError(ctypes.get_last_error(),'CreateNamedPipe')
                                                       ^^^^^^^^^^^^^^^^^^^^^^^^^^^^^^^^^^^^^^^^^^^^^^^^^^^^^^^^
OSError: [Errno 231] CreateNamedPipe
[STAFF] 2026-10-01 00:15:42,711 [WARNING] STAFF pipe reconnect: [Errno 231] CreateNamedPipe
Traceback (most recent call last):
  File "program\event_pipe_host.py", line 101, in _run
    if not handle or handle==ctypes.c_void_p(-1).value:raise OSError(ctypes.get_last_error(),'CreateNamedPipe')
                                                       ^^^^^^^^^^^^^^^^^^^^^^^^^^^^^^^^^^^^^^^^^^^^^^^^^^^^^^^^
OSError: [Errno 231] CreateNamedPipe
[STAFF] 2026-10-01 00:15:42,912 [WARNING] STAFF pipe reconnect: [Errno 231] CreateNamedPipe
Traceback (most recent call last):
  File "program\event_pipe_host.py", line 101, in _run
    if not handle or handle==ctypes.c_void_p(-1).value:raise OSError(ctypes.get_last_error(),'CreateNamedPipe')
                                                       ^^^^^^^^^^^^^^^^^^^^^^^^^^^^^^^^^^^^^^^^^^^^^^^^^^^^^^^^
OSError: [Errno 231] CreateNamedPipe
[STAFF] 2026-10-01 00:15:43,113 [WARNING] STAFF pipe reconnect: [Errno 231] CreateNamedPipe
Traceback (most recent call last):
  File "program\event_pipe_host.py", line 101, in _run
    if not handle or handle==ctypes.c_void_p(-1).value:raise OSError(ctypes.get_last_error(),'CreateNamedPipe')
                                                       ^^^^^^^^^^^^^^^^^^^^^^^^^^^^^^^^^^^^^^^^^^^^^^^^^^^^^^^^
OSError: [Errno 231] CreateNamedPipe
[STAFF] 2026-10-01 00:15:43,315 [WARNING] STAFF pipe reconnect: [Errno 231] CreateNamedPipe
Traceback (most recent call last):
  File "program\event_pipe_host.py", line 101, in _run
    if not handle or handle==ctypes.c_void_p(-1).value:raise OSError(ctypes.get_last_error(),'CreateNamedPipe')
                                                       ^^^^^^^^^^^^^^^^^^^^^^^^^^^^^^^^^^^^^^^^^^^^^^^^^^^^^^^^
OSError: [Errno 231] CreateNamedPipe
[STAFF] 2026-10-01 00:15:43,515 [WARNING] STAFF pipe reconnect: [Errno 231] CreateNamedPipe
Traceback (most recent call last):
  File "program\event_pipe_host.py", line 101, in _run
    if not handle or handle==ctypes.c_void_p(-1).value:raise OSError(ctypes.get_last_error(),'CreateNamedPipe')
                                                       ^^^^^^^^^^^^^^^^^^^^^^^^^^^^^^^^^^^^^^^^^^^^^^^^^^^^^^^^
OSError: [Errno 231] CreateNamedPipe
[STAFF] 2026-10-01 00:15:43,716 [WARNING] STAFF pipe reconnect: [Errno 231] CreateNamedPipe
Traceback (most recent call last):
  File "program\event_pipe_host.py", line 101, in _run
    if not handle or handle==ctypes.c_void_p(-1).value:raise OSError(ctypes.get_last_error(),'CreateNamedPipe')
                                                       ^^^^^^^^^^^^^^^^^^^^^^^^^^^^^^^^^^^^^^^^^^^^^^^^^^^^^^^^
OSError: [Errno 231] CreateNamedPipe
[STAFF] 2026-10-01 00:15:43,917 [WARNING] STAFF pipe reconnect: [Errno 231] CreateNamedPipe
Traceback (most recent call last):
  File "program\event_pipe_host.py", line 101, in _run
    if not handle or handle==ctypes.c_void_p(-1).value:raise OSError(ctypes.get_last_error(),'CreateNamedPipe')
                                                       ^^^^^^^^^^^^^^^^^^^^^^^^^^^^^^^^^^^^^^^^^^^^^^^^^^^^^^^^
OSError: [Errno 231] CreateNamedPipe
[STAFF] 2026-10-01 00:15:44,118 [WARNING] STAFF pipe reconnect: [Errno 231] CreateNamedPipe
Traceback (most recent call last):
  File "program\event_pipe_host.py", line 101, in _run
    if not handle or handle==ctypes.c_void_p(-1).value:raise OSError(ctypes.get_last_error(),'CreateNamedPipe')
                                                       ^^^^^^^^^^^^^^^^^^^^^^^^^^^^^^^^^^^^^^^^^^^^^^^^^^^^^^^^
OSError: [Errno 231] CreateNamedPipe
[STAFF] 2026-10-01 00:15:44,319 [WARNING] STAFF pipe reconnect: [Errno 231] CreateNamedPipe
Traceback (most recent call last):
  File "program\event_pipe_host.py", line 101, in _run
    if not handle or handle==ctypes.c_void_p(-1).value:raise OSError(ctypes.get_last_error(),'CreateNamedPipe')
                                                       ^^^^^^^^^^^^^^^^^^^^^^^^^^^^^^^^^^^^^^^^^^^^^^^^^^^^^^^^
OSError: [Errno 231] CreateNamedPipe
[STAFF] 2026-10-01 00:15:44,520 [WARNING] STAFF pipe reconnect: [Errno 231] CreateNamedPipe
Traceback (most recent call last):
  File "program\event_pipe_host.py", line 101, in _run
    if not handle or handle==ctypes.c_void_p(-1).value:raise OSError(ctypes.get_last_error(),'CreateNamedPipe')
                                                       ^^^^^^^^^^^^^^^^^^^^^^^^^^^^^^^^^^^^^^^^^^^^^^^^^^^^^^^^
OSError: [Errno 231] CreateNamedPipe
[STAFF] 2026-10-01 00:15:44,720 [WARNING] STAFF pipe reconnect: [Errno 231] CreateNamedPipe
Traceback (most recent call last):
  File "program\event_pipe_host.py", line 101, in _run
    if not handle or handle==ctypes.c_void_p(-1).value:raise OSError(ctypes.get_last_error(),'CreateNamedPipe')
                                                       ^^^^^^^^^^^^^^^^^^^^^^^^^^^^^^^^^^^^^^^^^^^^^^^^^^^^^^^^
OSError: [Errno 231] CreateNamedPipe
[STAFF] 2026-10-01 00:15:44,921 [WARNING] STAFF pipe reconnect: [Errno 231] CreateNamedPipe
Traceback (most recent call last):
  File "program\event_pipe_host.py", line 101, in _run
    if not handle or handle==ctypes.c_void_p(-1).value:raise OSError(ctypes.get_last_error(),'CreateNamedPipe')
                                                       ^^^^^^^^^^^^^^^^^^^^^^^^^^^^^^^^^^^^^^^^^^^^^^^^^^^^^^^^
OSError: [Errno 231] CreateNamedPipe
[STAFF] 2026-10-01 00:15:45,122 [WARNING] STAFF pipe reconnect: [Errno 231] CreateNamedPipe
Traceback (most recent call last):
  File "program\event_pipe_host.py", line 101, in _run
    if not handle or handle==ctypes.c_void_p(-1).value:raise OSError(ctypes.get_last_error(),'CreateNamedPipe')
                                                       ^^^^^^^^^^^^^^^^^^^^^^^^^^^^^^^^^^^^^^^^^^^^^^^^^^^^^^^^
OSError: [Errno 231] CreateNamedPipe
[STAFF] 2026-10-01 00:15:45,322 [WARNING] STAFF pipe reconnect: [Errno 231] CreateNamedPipe
Traceback (most recent call last):
  File "program\event_pipe_host.py", line 101, in _run
    if not handle or handle==ctypes.c_void_p(-1).value:raise OSError(ctypes.get_last_error(),'CreateNamedPipe')
                                                       ^^^^^^^^^^^^^^^^^^^^^^^^^^^^^^^^^^^^^^^^^^^^^^^^^^^^^^^^
OSError: [Errno 231] CreateNamedPipe
[STAFF] 2026-10-01 00:15:45,523 [WARNING] STAFF pipe reconnect: [Errno 231] CreateNamedPipe
Traceback (most recent call last):
  File "program\event_pipe_host.py", line 101, in _run
    if not handle or handle==ctypes.c_void_p(-1).value:raise OSError(ctypes.get_last_error(),'CreateNamedPipe')
                                                       ^^^^^^^^^^^^^^^^^^^^^^^^^^^^^^^^^^^^^^^^^^^^^^^^^^^^^^^^
OSError: [Errno 231] CreateNamedPipe
[STAFF] 2026-10-01 00:15:45,723 [WARNING] STAFF pipe reconnect: [Errno 231] CreateNamedPipe
Traceback (most recent call last):
  File "program\event_pipe_host.py", line 101, in _run
    if not handle or handle==ctypes.c_void_p(-1).value:raise OSError(ctypes.get_last_error(),'CreateNamedPipe')
                                                       ^^^^^^^^^^^^^^^^^^^^^^^^^^^^^^^^^^^^^^^^^^^^^^^^^^^^^^^^
OSError: [Errno 231] CreateNamedPipe
[STAFF] 2026-10-01 00:15:45,923 [WARNING] STAFF pipe reconnect: [Errno 231] CreateNamedPipe
Traceback (most recent call last):
  File "program\event_pipe_host.py", line 101, in _run
    if not handle or handle==ctypes.c_void_p(-1).value:raise OSError(ctypes.get_last_error(),'CreateNamedPipe')
                                                       ^^^^^^^^^^^^^^^^^^^^^^^^^^^^^^^^^^^^^^^^^^^^^^^^^^^^^^^^
OSError: [Errno 231] CreateNamedPipe
[STAFF] 2026-10-01 00:15:46,124 [WARNING] STAFF pipe reconnect: [Errno 231] CreateNamedPipe
Traceback (most recent call last):
  File "program\event_pipe_host.py", line 101, in _run
    if not handle or handle==ctypes.c_void_p(-1).value:raise OSError(ctypes.get_last_error(),'CreateNamedPipe')
                                                       ^^^^^^^^^^^^^^^^^^^^^^^^^^^^^^^^^^^^^^^^^^^^^^^^^^^^^^^^
OSError: [Errno 231] CreateNamedPipe
[STAFF] 2026-10-01 00:15:46,325 [WARNING] STAFF pipe reconnect: [Errno 231] CreateNamedPipe
Traceback (most recent call last):
  File "program\event_pipe_host.py", line 101, in _run
    if not handle or handle==ctypes.c_void_p(-1).value:raise OSError(ctypes.get_last_error(),'CreateNamedPipe')
                                                       ^^^^^^^^^^^^^^^^^^^^^^^^^^^^^^^^^^^^^^^^^^^^^^^^^^^^^^^^
OSError: [Errno 231] CreateNamedPipe
[STAFF] 2026-10-01 00:15:46,526 [WARNING] STAFF pipe reconnect: [Errno 231] CreateNamedPipe
Traceback (most recent call last):
  File "program\event_pipe_host.py", line 101, in _run
    if not handle or handle==ctypes.c_void_p(-1).value:raise OSError(ctypes.get_last_error(),'CreateNamedPipe')
                                                       ^^^^^^^^^^^^^^^^^^^^^^^^^^^^^^^^^^^^^^^^^^^^^^^^^^^^^^^^
OSError: [Errno 231] CreateNamedPipe
[STAFF] 2026-10-01 00:15:46,727 [WARNING] STAFF pipe reconnect: [Errno 231] CreateNamedPipe
Traceback (most recent call last):
  File "program\event_pipe_host.py", line 101, in _run
    if not handle or handle==ctypes.c_void_p(-1).value:raise OSError(ctypes.get_last_error(),'CreateNamedPipe')
                                                       ^^^^^^^^^^^^^^^^^^^^^^^^^^^^^^^^^^^^^^^^^^^^^^^^^^^^^^^^
OSError: [Errno 231] CreateNamedPipe
[STAFF] 2026-10-01 00:15:46,927 [WARNING] STAFF pipe reconnect: [Errno 231] CreateNamedPipe
Traceback (most recent call last):
  File "program\event_pipe_host.py", line 101, in _run
    if not handle or handle==ctypes.c_void_p(-1).value:raise OSError(ctypes.get_last_error(),'CreateNamedPipe')
                                                       ^^^^^^^^^^^^^^^^^^^^^^^^^^^^^^^^^^^^^^^^^^^^^^^^^^^^^^^^
OSError: [Errno 231] CreateNamedPipe
[STAFF] 2026-10-01 00:15:47,128 [WARNING] STAFF pipe reconnect: [Errno 231] CreateNamedPipe
Traceback (most recent call last):
  File "program\event_pipe_host.py", line 101, in _run
    if not handle or handle==ctypes.c_void_p(-1).value:raise OSError(ctypes.get_last_error(),'CreateNamedPipe')
                                                       ^^^^^^^^^^^^^^^^^^^^^^^^^^^^^^^^^^^^^^^^^^^^^^^^^^^^^^^^
OSError: [Errno 231] CreateNamedPipe
[STAFF] 2026-10-01 00:15:47,329 [WARNING] STAFF pipe reconnect: [Errno 231] CreateNamedPipe
Traceback (most recent call last):
  File "program\event_pipe_host.py", line 101, in _run
    if not handle or handle==ctypes.c_void_p(-1).value:raise OSError(ctypes.get_last_error(),'CreateNamedPipe')
                                                       ^^^^^^^^^^^^^^^^^^^^^^^^^^^^^^^^^^^^^^^^^^^^^^^^^^^^^^^^
OSError: [Errno 231] CreateNamedPipe
[STAFF] 2026-10-01 00:15:47,529 [WARNING] STAFF pipe reconnect: [Errno 231] CreateNamedPipe
Traceback (most recent call last):
  File "program\event_pipe_host.py", line 101, in _run
    if not handle or handle==ctypes.c_void_p(-1).value:raise OSError(ctypes.get_last_error(),'CreateNamedPipe')
                                                       ^^^^^^^^^^^^^^^^^^^^^^^^^^^^^^^^^^^^^^^^^^^^^^^^^^^^^^^^
OSError: [Errno 231] CreateNamedPipe
[STAFF] 2026-10-01 00:15:47,729 [WARNING] STAFF pipe reconnect: [Errno 231] CreateNamedPipe
Traceback (most recent call last):
  File "program\event_pipe_host.py", line 101, in _run
    if not handle or handle==ctypes.c_void_p(-1).value:raise OSError(ctypes.get_last_error(),'CreateNamedPipe')
                                                       ^^^^^^^^^^^^^^^^^^^^^^^^^^^^^^^^^^^^^^^^^^^^^^^^^^^^^^^^
OSError: [Errno 231] CreateNamedPipe
[STAFF] 2026-10-01 00:15:47,930 [WARNING] STAFF pipe reconnect: [Errno 231] CreateNamedPipe
Traceback (most recent call last):
  File "program\event_pipe_host.py", line 101, in _run
    if not handle or handle==ctypes.c_void_p(-1).value:raise OSError(ctypes.get_last_error(),'CreateNamedPipe')
                                                       ^^^^^^^^^^^^^^^^^^^^^^^^^^^^^^^^^^^^^^^^^^^^^^^^^^^^^^^^
OSError: [Errno 231] CreateNamedPipe
[STAFF] 2026-10-01 00:15:48,131 [WARNING] STAFF pipe reconnect: [Errno 231] CreateNamedPipe
Traceback (most recent call last):
  File "program\event_pipe_host.py", line 101, in _run
    if not handle or handle==ctypes.c_void_p(-1).value:raise OSError(ctypes.get_last_error(),'CreateNamedPipe')
                                                       ^^^^^^^^^^^^^^^^^^^^^^^^^^^^^^^^^^^^^^^^^^^^^^^^^^^^^^^^
OSError: [Errno 231] CreateNamedPipe
[STAFF] 2026-10-01 00:15:48,331 [WARNING] STAFF pipe reconnect: [Errno 231] CreateNamedPipe
Traceback (most recent call last):
  File "program\event_pipe_host.py", line 101, in _run
    if not handle or handle==ctypes.c_void_p(-1).value:raise OSError(ctypes.get_last_error(),'CreateNamedPipe')
                                                       ^^^^^^^^^^^^^^^^^^^^^^^^^^^^^^^^^^^^^^^^^^^^^^^^^^^^^^^^
OSError: [Errno 231] CreateNamedPipe
[STAFF] 2026-10-01 00:15:48,532 [WARNING] STAFF pipe reconnect: [Errno 231] CreateNamedPipe
Traceback (most recent call last):
  File "program\event_pipe_host.py", line 101, in _run
    if not handle or handle==ctypes.c_void_p(-1).value:raise OSError(ctypes.get_last_error(),'CreateNamedPipe')
                                                       ^^^^^^^^^^^^^^^^^^^^^^^^^^^^^^^^^^^^^^^^^^^^^^^^^^^^^^^^
OSError: [Errno 231] CreateNamedPipe
[STAFF] 2026-10-01 00:15:48,734 [WARNING] STAFF pipe reconnect: [Errno 231] CreateNamedPipe
Traceback (most recent call last):
  File "program\event_pipe_host.py", line 101, in _run
    if not handle or handle==ctypes.c_void_p(-1).value:raise OSError(ctypes.get_last_error(),'CreateNamedPipe')
                                                       ^^^^^^^^^^^^^^^^^^^^^^^^^^^^^^^^^^^^^^^^^^^^^^^^^^^^^^^^
OSError: [Errno 231] CreateNamedPipe
[STAFF] 2026-10-01 00:15:48,934 [WARNING] STAFF pipe reconnect: [Errno 231] CreateNamedPipe
Traceback (most recent call last):
  File "program\event_pipe_host.py", line 101, in _run
    if not handle or handle==ctypes.c_void_p(-1).value:raise OSError(ctypes.get_last_error(),'CreateNamedPipe')
                                                       ^^^^^^^^^^^^^^^^^^^^^^^^^^^^^^^^^^^^^^^^^^^^^^^^^^^^^^^^
OSError: [Errno 231] CreateNamedPipe
[STAFF] 2026-10-01 00:15:49,134 [WARNING] STAFF pipe reconnect: [Errno 231] CreateNamedPipe
Traceback (most recent call last):
  File "program\event_pipe_host.py", line 101, in _run
    if not handle or handle==ctypes.c_void_p(-1).value:raise OSError(ctypes.get_last_error(),'CreateNamedPipe')
                                                       ^^^^^^^^^^^^^^^^^^^^^^^^^^^^^^^^^^^^^^^^^^^^^^^^^^^^^^^^
OSError: [Errno 231] CreateNamedPipe
[STAFF] 2026-10-01 00:15:49,335 [WARNING] STAFF pipe reconnect: [Errno 231] CreateNamedPipe
Traceback (most recent call last):
  File "program\event_pipe_host.py", line 101, in _run
    if not handle or handle==ctypes.c_void_p(-1).value:raise OSError(ctypes.get_last_error(),'CreateNamedPipe')
                                                       ^^^^^^^^^^^^^^^^^^^^^^^^^^^^^^^^^^^^^^^^^^^^^^^^^^^^^^^^
OSError: [Errno 231] CreateNamedPipe
[STAFF] 2026-10-01 00:15:49,535 [WARNING] STAFF pipe reconnect: [Errno 231] CreateNamedPipe
Traceback (most recent call last):
  File "program\event_pipe_host.py", line 101, in _run
    if not handle or handle==ctypes.c_void_p(-1).value:raise OSError(ctypes.get_last_error(),'CreateNamedPipe')
                                                       ^^^^^^^^^^^^^^^^^^^^^^^^^^^^^^^^^^^^^^^^^^^^^^^^^^^^^^^^
OSError: [Errno 231] CreateNamedPipe
[STAFF] 2026-10-01 00:15:49,736 [WARNING] STAFF pipe reconnect: [Errno 231] CreateNamedPipe
Traceback (most recent call last):
  File "program\event_pipe_host.py", line 101, in _run
    if not handle or handle==ctypes.c_void_p(-1).value:raise OSError(ctypes.get_last_error(),'CreateNamedPipe')
                                                       ^^^^^^^^^^^^^^^^^^^^^^^^^^^^^^^^^^^^^^^^^^^^^^^^^^^^^^^^
OSError: [Errno 231] CreateNamedPipe
[STAFF] 2026-10-01 00:15:49,937 [WARNING] STAFF pipe reconnect: [Errno 231] CreateNamedPipe
Traceback (most recent call last):
  File "program\event_pipe_host.py", line 101, in _run
    if not handle or handle==ctypes.c_void_p(-1).value:raise OSError(ctypes.get_last_error(),'CreateNamedPipe')
                                                       ^^^^^^^^^^^^^^^^^^^^^^^^^^^^^^^^^^^^^^^^^^^^^^^^^^^^^^^^
OSError: [Errno 231] CreateNamedPipe
[STAFF] 2026-10-01 00:15:50,138 [WARNING] STAFF pipe reconnect: [Errno 231] CreateNamedPipe
Traceback (most recent call last):
  File "program\event_pipe_host.py", line 101, in _run
    if not handle or handle==ctypes.c_void_p(-1).value:raise OSError(ctypes.get_last_error(),'CreateNamedPipe')
                                                       ^^^^^^^^^^^^^^^^^^^^^^^^^^^^^^^^^^^^^^^^^^^^^^^^^^^^^^^^
OSError: [Errno 231] CreateNamedPipe
[STAFF] 2026-10-01 00:15:50,338 [WARNING] STAFF pipe reconnect: [Errno 231] CreateNamedPipe
Traceback (most recent call last):
  File "program\event_pipe_host.py", line 101, in _run
    if not handle or handle==ctypes.c_void_p(-1).value:raise OSError(ctypes.get_last_error(),'CreateNamedPipe')
                                                       ^^^^^^^^^^^^^^^^^^^^^^^^^^^^^^^^^^^^^^^^^^^^^^^^^^^^^^^^
OSError: [Errno 231] CreateNamedPipe
[STAFF] 2026-10-01 00:15:50,540 [WARNING] STAFF pipe reconnect: [Errno 231] CreateNamedPipe
Traceback (most recent call last):
  File "program\event_pipe_host.py", line 101, in _run
    if not handle or handle==ctypes.c_void_p(-1).value:raise OSError(ctypes.get_last_error(),'CreateNamedPipe')
                                                       ^^^^^^^^^^^^^^^^^^^^^^^^^^^^^^^^^^^^^^^^^^^^^^^^^^^^^^^^
OSError: [Errno 231] CreateNamedPipe
[STAFF] 2026-10-01 00:15:50,741 [WARNING] STAFF pipe reconnect: [Errno 231] CreateNamedPipe
Traceback (most recent call last):
  File "program\event_pipe_host.py", line 101, in _run
    if not handle or handle==ctypes.c_void_p(-1).value:raise OSError(ctypes.get_last_error(),'CreateNamedPipe')
                                                       ^^^^^^^^^^^^^^^^^^^^^^^^^^^^^^^^^^^^^^^^^^^^^^^^^^^^^^^^
OSError: [Errno 231] CreateNamedPipe
[STAFF] 2026-10-01 00:15:50,943 [WARNING] STAFF pipe reconnect: [Errno 231] CreateNamedPipe
Traceback (most recent call last):
  File "program\event_pipe_host.py", line 101, in _run
    if not handle or handle==ctypes.c_void_p(-1).value:raise OSError(ctypes.get_last_error(),'CreateNamedPipe')
                                                       ^^^^^^^^^^^^^^^^^^^^^^^^^^^^^^^^^^^^^^^^^^^^^^^^^^^^^^^^
OSError: [Errno 231] CreateNamedPipe
[STAFF] 2026-10-01 00:15:51,143 [WARNING] STAFF pipe reconnect: [Errno 231] CreateNamedPipe
Traceback (most recent call last):
  File "program\event_pipe_host.py", line 101, in _run
    if not handle or handle==ctypes.c_void_p(-1).value:raise OSError(ctypes.get_last_error(),'CreateNamedPipe')
                                                       ^^^^^^^^^^^^^^^^^^^^^^^^^^^^^^^^^^^^^^^^^^^^^^^^^^^^^^^^
OSError: [Errno 231] CreateNamedPipe
[STAFF] 2026-10-01 00:15:51,344 [WARNING] STAFF pipe reconnect: [Errno 231] CreateNamedPipe
Traceback (most recent call last):
  File "program\event_pipe_host.py", line 101, in _run
    if not handle or handle==ctypes.c_void_p(-1).value:raise OSError(ctypes.get_last_error(),'CreateNamedPipe')
                                                       ^^^^^^^^^^^^^^^^^^^^^^^^^^^^^^^^^^^^^^^^^^^^^^^^^^^^^^^^
OSError: [Errno 231] CreateNamedPipe
[STAFF] 2026-10-01 00:15:51,545 [WARNING] STAFF pipe reconnect: [Errno 231] CreateNamedPipe
Traceback (most recent call last):
  File "program\event_pipe_host.py", line 101, in _run
    if not handle or handle==ctypes.c_void_p(-1).value:raise OSError(ctypes.get_last_error(),'CreateNamedPipe')
                                                       ^^^^^^^^^^^^^^^^^^^^^^^^^^^^^^^^^^^^^^^^^^^^^^^^^^^^^^^^
OSError: [Errno 231] CreateNamedPipe
[STAFF] 2026-10-01 00:15:51,746 [WARNING] STAFF pipe reconnect: [Errno 231] CreateNamedPipe
Traceback (most recent call last):
  File "program\event_pipe_host.py", line 101, in _run
    if not handle or handle==ctypes.c_void_p(-1).value:raise OSError(ctypes.get_last_error(),'CreateNamedPipe')
                                                       ^^^^^^^^^^^^^^^^^^^^^^^^^^^^^^^^^^^^^^^^^^^^^^^^^^^^^^^^
OSError: [Errno 231] CreateNamedPipe
[STAFF] 2026-10-01 00:15:51,947 [WARNING] STAFF pipe reconnect: [Errno 231] CreateNamedPipe
Traceback (most recent call last):
  File "program\event_pipe_host.py", line 101, in _run
    if not handle or handle==ctypes.c_void_p(-1).value:raise OSError(ctypes.get_last_error(),'CreateNamedPipe')
                                                       ^^^^^^^^^^^^^^^^^^^^^^^^^^^^^^^^^^^^^^^^^^^^^^^^^^^^^^^^
OSError: [Errno 231] CreateNamedPipe
[STAFF] 2026-10-01 00:15:52,148 [WARNING] STAFF pipe reconnect: [Errno 231] CreateNamedPipe
Traceback (most recent call last):
  File "program\event_pipe_host.py", line 101, in _run
    if not handle or handle==ctypes.c_void_p(-1).value:raise OSError(ctypes.get_last_error(),'CreateNamedPipe')
                                                       ^^^^^^^^^^^^^^^^^^^^^^^^^^^^^^^^^^^^^^^^^^^^^^^^^^^^^^^^
OSError: [Errno 231] CreateNamedPipe
[STAFF] 2026-10-01 00:15:52,348 [WARNING] STAFF pipe reconnect: [Errno 231] CreateNamedPipe
Traceback (most recent call last):
  File "program\event_pipe_host.py", line 101, in _run
    if not handle or handle==ctypes.c_void_p(-1).value:raise OSError(ctypes.get_last_error(),'CreateNamedPipe')
                                                       ^^^^^^^^^^^^^^^^^^^^^^^^^^^^^^^^^^^^^^^^^^^^^^^^^^^^^^^^
OSError: [Errno 231] CreateNamedPipe
[STAFF] 2026-10-01 00:15:52,548 [WARNING] STAFF pipe reconnect: [Errno 231] CreateNamedPipe
Traceback (most recent call last):
  File "program\event_pipe_host.py", line 101, in _run
    if not handle or handle==ctypes.c_void_p(-1).value:raise OSError(ctypes.get_last_error(),'CreateNamedPipe')
                                                       ^^^^^^^^^^^^^^^^^^^^^^^^^^^^^^^^^^^^^^^^^^^^^^^^^^^^^^^^
OSError: [Errno 231] CreateNamedPipe
[STAFF] 2026-10-01 00:15:52,748 [WARNING] STAFF pipe reconnect: [Errno 231] CreateNamedPipe
Traceback (most recent call last):
  File "program\event_pipe_host.py", line 101, in _run
    if not handle or handle==ctypes.c_void_p(-1).value:raise OSError(ctypes.get_last_error(),'CreateNamedPipe')
                                                       ^^^^^^^^^^^^^^^^^^^^^^^^^^^^^^^^^^^^^^^^^^^^^^^^^^^^^^^^
OSError: [Errno 231] CreateNamedPipe
[STAFF] 2026-10-01 00:15:52,949 [WARNING] STAFF pipe reconnect: [Errno 231] CreateNamedPipe
Traceback (most recent call last):
  File "program\event_pipe_host.py", line 101, in _run
    if not handle or handle==ctypes.c_void_p(-1).value:raise OSError(ctypes.get_last_error(),'CreateNamedPipe')
                                                       ^^^^^^^^^^^^^^^^^^^^^^^^^^^^^^^^^^^^^^^^^^^^^^^^^^^^^^^^
OSError: [Errno 231] CreateNamedPipe
[STAFF] 2026-10-01 00:15:53,149 [WARNING] STAFF pipe reconnect: [Errno 231] CreateNamedPipe
Traceback (most recent call last):
  File "program\event_pipe_host.py", line 101, in _run
    if not handle or handle==ctypes.c_void_p(-1).value:raise OSError(ctypes.get_last_error(),'CreateNamedPipe')
                                                       ^^^^^^^^^^^^^^^^^^^^^^^^^^^^^^^^^^^^^^^^^^^^^^^^^^^^^^^^
OSError: [Errno 231] CreateNamedPipe
[STAFF] 2026-10-01 00:15:53,351 [WARNING] STAFF pipe reconnect: [Errno 231] CreateNamedPipe
Traceback (most recent call last):
  File "program\event_pipe_host.py", line 101, in _run
    if not handle or handle==ctypes.c_void_p(-1).value:raise OSError(ctypes.get_last_error(),'CreateNamedPipe')
                                                       ^^^^^^^^^^^^^^^^^^^^^^^^^^^^^^^^^^^^^^^^^^^^^^^^^^^^^^^^
OSError: [Errno 231] CreateNamedPipe
[STAFF] 2026-10-01 00:15:53,552 [WARNING] STAFF pipe reconnect: [Errno 231] CreateNamedPipe
Traceback (most recent call last):
  File "program\event_pipe_host.py", line 101, in _run
    if not handle or handle==ctypes.c_void_p(-1).value:raise OSError(ctypes.get_last_error(),'CreateNamedPipe')
                                                       ^^^^^^^^^^^^^^^^^^^^^^^^^^^^^^^^^^^^^^^^^^^^^^^^^^^^^^^^
OSError: [Errno 231] CreateNamedPipe
[STAFF] 2026-10-01 00:15:53,753 [WARNING] STAFF pipe reconnect: [Errno 231] CreateNamedPipe
Traceback (most recent call last):
  File "program\event_pipe_host.py", line 101, in _run
    if not handle or handle==ctypes.c_void_p(-1).value:raise OSError(ctypes.get_last_error(),'CreateNamedPipe')
                                                       ^^^^^^^^^^^^^^^^^^^^^^^^^^^^^^^^^^^^^^^^^^^^^^^^^^^^^^^^
OSError: [Errno 231] CreateNamedPipe
[STAFF] 2026-10-01 00:15:53,954 [WARNING] STAFF pipe reconnect: [Errno 231] CreateNamedPipe
Traceback (most recent call last):
  File "program\event_pipe_host.py", line 101, in _run
    if not handle or handle==ctypes.c_void_p(-1).value:raise OSError(ctypes.get_last_error(),'CreateNamedPipe')
                                                       ^^^^^^^^^^^^^^^^^^^^^^^^^^^^^^^^^^^^^^^^^^^^^^^^^^^^^^^^
OSError: [Errno 231] CreateNamedPipe
[STAFF] 2026-10-01 00:15:54,155 [WARNING] STAFF pipe reconnect: [Errno 231] CreateNamedPipe
Traceback (most recent call last):
  File "program\event_pipe_host.py", line 101, in _run
    if not handle or handle==ctypes.c_void_p(-1).value:raise OSError(ctypes.get_last_error(),'CreateNamedPipe')
                                                       ^^^^^^^^^^^^^^^^^^^^^^^^^^^^^^^^^^^^^^^^^^^^^^^^^^^^^^^^
OSError: [Errno 231] CreateNamedPipe
[STAFF] 2026-10-01 00:15:54,355 [WARNING] STAFF pipe reconnect: [Errno 231] CreateNamedPipe
Traceback (most recent call last):
  File "program\event_pipe_host.py", line 101, in _run
    if not handle or handle==ctypes.c_void_p(-1).value:raise OSError(ctypes.get_last_error(),'CreateNamedPipe')
                                                       ^^^^^^^^^^^^^^^^^^^^^^^^^^^^^^^^^^^^^^^^^^^^^^^^^^^^^^^^
OSError: [Errno 231] CreateNamedPipe
[STAFF] 2026-10-01 00:15:54,556 [WARNING] STAFF pipe reconnect: [Errno 231] CreateNamedPipe
Traceback (most recent call last):
  File "program\event_pipe_host.py", line 101, in _run
    if not handle or handle==ctypes.c_void_p(-1).value:raise OSError(ctypes.get_last_error(),'CreateNamedPipe')
                                                       ^^^^^^^^^^^^^^^^^^^^^^^^^^^^^^^^^^^^^^^^^^^^^^^^^^^^^^^^
OSError: [Errno 231] CreateNamedPipe
[STAFF] 2026-10-01 00:15:54,756 [WARNING] STAFF pipe reconnect: [Errno 231] CreateNamedPipe
Traceback (most recent call last):
  File "program\event_pipe_host.py", line 101, in _run
    if not handle or handle==ctypes.c_void_p(-1).value:raise OSError(ctypes.get_last_error(),'CreateNamedPipe')
                                                       ^^^^^^^^^^^^^^^^^^^^^^^^^^^^^^^^^^^^^^^^^^^^^^^^^^^^^^^^
OSError: [Errno 231] CreateNamedPipe
[STAFF] 2026-10-01 00:15:54,958 [WARNING] STAFF pipe reconnect: [Errno 231] CreateNamedPipe
Traceback (most recent call last):
  File "program\event_pipe_host.py", line 101, in _run
    if not handle or handle==ctypes.c_void_p(-1).value:raise OSError(ctypes.get_last_error(),'CreateNamedPipe')
                                                       ^^^^^^^^^^^^^^^^^^^^^^^^^^^^^^^^^^^^^^^^^^^^^^^^^^^^^^^^
OSError: [Errno 231] CreateNamedPipe
[STAFF] 2026-10-01 00:15:55,158 [WARNING] STAFF pipe reconnect: [Errno 231] CreateNamedPipe
Traceback (most recent call last):
  File "program\event_pipe_host.py", line 101, in _run
    if not handle or handle==ctypes.c_void_p(-1).value:raise OSError(ctypes.get_last_error(),'CreateNamedPipe')
                                                       ^^^^^^^^^^^^^^^^^^^^^^^^^^^^^^^^^^^^^^^^^^^^^^^^^^^^^^^^
OSError: [Errno 231] CreateNamedPipe
[STAFF] 2026-10-01 00:15:55,358 [WARNING] STAFF pipe reconnect: [Errno 231] CreateNamedPipe
Traceback (most recent call last):
  File "program\event_pipe_host.py", line 101, in _run
    if not handle or handle==ctypes.c_void_p(-1).value:raise OSError(ctypes.get_last_error(),'CreateNamedPipe')
                                                       ^^^^^^^^^^^^^^^^^^^^^^^^^^^^^^^^^^^^^^^^^^^^^^^^^^^^^^^^
OSError: [Errno 231] CreateNamedPipe
[STAFF] 2026-10-01 00:15:55,559 [WARNING] STAFF pipe reconnect: [Errno 231] CreateNamedPipe
Traceback (most recent call last):
  File "program\event_pipe_host.py", line 101, in _run
    if not handle or handle==ctypes.c_void_p(-1).value:raise OSError(ctypes.get_last_error(),'CreateNamedPipe')
                                                       ^^^^^^^^^^^^^^^^^^^^^^^^^^^^^^^^^^^^^^^^^^^^^^^^^^^^^^^^
OSError: [Errno 231] CreateNamedPipe
[STAFF] 2026-10-01 00:15:55,760 [WARNING] STAFF pipe reconnect: [Errno 231] CreateNamedPipe
Traceback (most recent call last):
  File "program\event_pipe_host.py", line 101, in _run
    if not handle or handle==ctypes.c_void_p(-1).value:raise OSError(ctypes.get_last_error(),'CreateNamedPipe')
                                                       ^^^^^^^^^^^^^^^^^^^^^^^^^^^^^^^^^^^^^^^^^^^^^^^^^^^^^^^^
OSError: [Errno 231] CreateNamedPipe
[STAFF] 2026-10-01 00:15:55,962 [WARNING] STAFF pipe reconnect: [Errno 231] CreateNamedPipe
Traceback (most recent call last):
  File "program\event_pipe_host.py", line 101, in _run
    if not handle or handle==ctypes.c_void_p(-1).value:raise OSError(ctypes.get_last_error(),'CreateNamedPipe')
                                                       ^^^^^^^^^^^^^^^^^^^^^^^^^^^^^^^^^^^^^^^^^^^^^^^^^^^^^^^^
OSError: [Errno 231] CreateNamedPipe
[STAFF] 2026-10-01 00:15:56,163 [WARNING] STAFF pipe reconnect: [Errno 231] CreateNamedPipe
Traceback (most recent call last):
  File "program\event_pipe_host.py", line 101, in _run
    if not handle or handle==ctypes.c_void_p(-1).value:raise OSError(ctypes.get_last_error(),'CreateNamedPipe')
                                                       ^^^^^^^^^^^^^^^^^^^^^^^^^^^^^^^^^^^^^^^^^^^^^^^^^^^^^^^^
OSError: [Errno 231] CreateNamedPipe
[STAFF] 2026-10-01 00:15:56,364 [WARNING] STAFF pipe reconnect: [Errno 231] CreateNamedPipe
Traceback (most recent call last):
  File "program\event_pipe_host.py", line 101, in _run
    if not handle or handle==ctypes.c_void_p(-1).value:raise OSError(ctypes.get_last_error(),'CreateNamedPipe')
                                                       ^^^^^^^^^^^^^^^^^^^^^^^^^^^^^^^^^^^^^^^^^^^^^^^^^^^^^^^^
OSError: [Errno 231] CreateNamedPipe
[STAFF] 2026-10-01 00:15:56,565 [WARNING] STAFF pipe reconnect: [Errno 231] CreateNamedPipe
Traceback (most recent call last):
  File "program\event_pipe_host.py", line 101, in _run
    if not handle or handle==ctypes.c_void_p(-1).value:raise OSError(ctypes.get_last_error(),'CreateNamedPipe')
                                                       ^^^^^^^^^^^^^^^^^^^^^^^^^^^^^^^^^^^^^^^^^^^^^^^^^^^^^^^^
OSError: [Errno 231] CreateNamedPipe
[STAFF] 2026-10-01 00:15:56,765 [WARNING] STAFF pipe reconnect: [Errno 231] CreateNamedPipe
Traceback (most recent call last):
  File "program\event_pipe_host.py", line 101, in _run
    if not handle or handle==ctypes.c_void_p(-1).value:raise OSError(ctypes.get_last_error(),'CreateNamedPipe')
                                                       ^^^^^^^^^^^^^^^^^^^^^^^^^^^^^^^^^^^^^^^^^^^^^^^^^^^^^^^^
OSError: [Errno 231] CreateNamedPipe
[STAFF] 2026-10-01 00:15:56,965 [WARNING] STAFF pipe reconnect: [Errno 231] CreateNamedPipe
Traceback (most recent call last):
  File "program\event_pipe_host.py", line 101, in _run
    if not handle or handle==ctypes.c_void_p(-1).value:raise OSError(ctypes.get_last_error(),'CreateNamedPipe')
                                                       ^^^^^^^^^^^^^^^^^^^^^^^^^^^^^^^^^^^^^^^^^^^^^^^^^^^^^^^^
OSError: [Errno 231] CreateNamedPipe
[STAFF] 2026-10-01 00:15:57,166 [WARNING] STAFF pipe reconnect: [Errno 231] CreateNamedPipe
Traceback (most recent call last):
  File "program\event_pipe_host.py", line 101, in _run
    if not handle or handle==ctypes.c_void_p(-1).value:raise OSError(ctypes.get_last_error(),'CreateNamedPipe')
                                                       ^^^^^^^^^^^^^^^^^^^^^^^^^^^^^^^^^^^^^^^^^^^^^^^^^^^^^^^^
OSError: [Errno 231] CreateNamedPipe
[STAFF] 2026-10-01 00:15:57,366 [WARNING] STAFF pipe reconnect: [Errno 231] CreateNamedPipe
Traceback (most recent call last):
  File "program\event_pipe_host.py", line 101, in _run
    if not handle or handle==ctypes.c_void_p(-1).value:raise OSError(ctypes.get_last_error(),'CreateNamedPipe')
                                                       ^^^^^^^^^^^^^^^^^^^^^^^^^^^^^^^^^^^^^^^^^^^^^^^^^^^^^^^^
OSError: [Errno 231] CreateNamedPipe
[STAFF] 2026-10-01 00:15:57,567 [WARNING] STAFF pipe reconnect: [Errno 231] CreateNamedPipe
Traceback (most recent call last):
  File "program\event_pipe_host.py", line 101, in _run
    if not handle or handle==ctypes.c_void_p(-1).value:raise OSError(ctypes.get_last_error(),'CreateNamedPipe')
                                                       ^^^^^^^^^^^^^^^^^^^^^^^^^^^^^^^^^^^^^^^^^^^^^^^^^^^^^^^^
OSError: [Errno 231] CreateNamedPipe
[STAFF] 2026-10-01 00:15:57,768 [WARNING] STAFF pipe reconnect: [Errno 231] CreateNamedPipe
Traceback (most recent call last):
  File "program\event_pipe_host.py", line 101, in _run
    if not handle or handle==ctypes.c_void_p(-1).value:raise OSError(ctypes.get_last_error(),'CreateNamedPipe')
                                                       ^^^^^^^^^^^^^^^^^^^^^^^^^^^^^^^^^^^^^^^^^^^^^^^^^^^^^^^^
OSError: [Errno 231] CreateNamedPipe
[STAFF] 2026-10-01 00:15:57,969 [WARNING] STAFF pipe reconnect: [Errno 231] CreateNamedPipe
Traceback (most recent call last):
  File "program\event_pipe_host.py", line 101, in _run
    if not handle or handle==ctypes.c_void_p(-1).value:raise OSError(ctypes.get_last_error(),'CreateNamedPipe')
                                                       ^^^^^^^^^^^^^^^^^^^^^^^^^^^^^^^^^^^^^^^^^^^^^^^^^^^^^^^^
OSError: [Errno 231] CreateNamedPipe
[STAFF] 2026-10-01 00:15:58,169 [WARNING] STAFF pipe reconnect: [Errno 231] CreateNamedPipe
Traceback (most recent call last):
  File "program\event_pipe_host.py", line 101, in _run
    if not handle or handle==ctypes.c_void_p(-1).value:raise OSError(ctypes.get_last_error(),'CreateNamedPipe')
                                                       ^^^^^^^^^^^^^^^^^^^^^^^^^^^^^^^^^^^^^^^^^^^^^^^^^^^^^^^^
OSError: [Errno 231] CreateNamedPipe
[STAFF] 2026-10-01 00:15:58,369 [WARNING] STAFF pipe reconnect: [Errno 231] CreateNamedPipe
Traceback (most recent call last):
  File "program\event_pipe_host.py", line 101, in _run
    if not handle or handle==ctypes.c_void_p(-1).value:raise OSError(ctypes.get_last_error(),'CreateNamedPipe')
                                                       ^^^^^^^^^^^^^^^^^^^^^^^^^^^^^^^^^^^^^^^^^^^^^^^^^^^^^^^^
OSError: [Errno 231] CreateNamedPipe
[STAFF] 2026-10-01 00:15:58,569 [WARNING] STAFF pipe reconnect: [Errno 231] CreateNamedPipe
Traceback (most recent call last):
  File "program\event_pipe_host.py", line 101, in _run
    if not handle or handle==ctypes.c_void_p(-1).value:raise OSError(ctypes.get_last_error(),'CreateNamedPipe')
                                                       ^^^^^^^^^^^^^^^^^^^^^^^^^^^^^^^^^^^^^^^^^^^^^^^^^^^^^^^^
OSError: [Errno 231] CreateNamedPipe
[STAFF] 2026-10-01 00:15:58,770 [WARNING] STAFF pipe reconnect: [Errno 231] CreateNamedPipe
Traceback (most recent call last):
  File "program\event_pipe_host.py", line 101, in _run
    if not handle or handle==ctypes.c_void_p(-1).value:raise OSError(ctypes.get_last_error(),'CreateNamedPipe')
                                                       ^^^^^^^^^^^^^^^^^^^^^^^^^^^^^^^^^^^^^^^^^^^^^^^^^^^^^^^^
OSError: [Errno 231] CreateNamedPipe
[STAFF] 2026-10-01 00:15:58,970 [WARNING] STAFF pipe reconnect: [Errno 231] CreateNamedPipe
Traceback (most recent call last):
  File "program\event_pipe_host.py", line 101, in _run
    if not handle or handle==ctypes.c_void_p(-1).value:raise OSError(ctypes.get_last_error(),'CreateNamedPipe')
                                                       ^^^^^^^^^^^^^^^^^^^^^^^^^^^^^^^^^^^^^^^^^^^^^^^^^^^^^^^^
OSError: [Errno 231] CreateNamedPipe
[STAFF] 2026-10-01 00:15:59,171 [WARNING] STAFF pipe reconnect: [Errno 231] CreateNamedPipe
Traceback (most recent call last):
  File "program\event_pipe_host.py", line 101, in _run
    if not handle or handle==ctypes.c_void_p(-1).value:raise OSError(ctypes.get_last_error(),'CreateNamedPipe')
                                                       ^^^^^^^^^^^^^^^^^^^^^^^^^^^^^^^^^^^^^^^^^^^^^^^^^^^^^^^^
OSError: [Errno 231] CreateNamedPipe
[STAFF] 2026-10-01 00:15:59,371 [WARNING] STAFF pipe reconnect: [Errno 231] CreateNamedPipe
Traceback (most recent call last):
  File "program\event_pipe_host.py", line 101, in _run
    if not handle or handle==ctypes.c_void_p(-1).value:raise OSError(ctypes.get_last_error(),'CreateNamedPipe')
                                                       ^^^^^^^^^^^^^^^^^^^^^^^^^^^^^^^^^^^^^^^^^^^^^^^^^^^^^^^^
OSError: [Errno 231] CreateNamedPipe
[STAFF] 2026-10-01 00:15:59,572 [WARNING] STAFF pipe reconnect: [Errno 231] CreateNamedPipe
Traceback (most recent call last):
  File "program\event_pipe_host.py", line 101, in _run
    if not handle or handle==ctypes.c_void_p(-1).value:raise OSError(ctypes.get_last_error(),'CreateNamedPipe')
                                                       ^^^^^^^^^^^^^^^^^^^^^^^^^^^^^^^^^^^^^^^^^^^^^^^^^^^^^^^^
OSError: [Errno 231] CreateNamedPipe
[STAFF] 2026-10-01 00:15:59,773 [WARNING] STAFF pipe reconnect: [Errno 231] CreateNamedPipe
Traceback (most recent call last):
  File "program\event_pipe_host.py", line 101, in _run
    if not handle or handle==ctypes.c_void_p(-1).value:raise OSError(ctypes.get_last_error(),'CreateNamedPipe')
                                                       ^^^^^^^^^^^^^^^^^^^^^^^^^^^^^^^^^^^^^^^^^^^^^^^^^^^^^^^^
OSError: [Errno 231] CreateNamedPipe
[STAFF] 2026-10-01 00:15:59,975 [WARNING] STAFF pipe reconnect: [Errno 231] CreateNamedPipe
Traceback (most recent call last):
  File "program\event_pipe_host.py", line 101, in _run
    if not handle or handle==ctypes.c_void_p(-1).value:raise OSError(ctypes.get_last_error(),'CreateNamedPipe')
                                                       ^^^^^^^^^^^^^^^^^^^^^^^^^^^^^^^^^^^^^^^^^^^^^^^^^^^^^^^^
OSError: [Errno 231] CreateNamedPipe
[STAFF] 2026-10-01 00:16:00,175 [WARNING] STAFF pipe reconnect: [Errno 231] CreateNamedPipe
Traceback (most recent call last):
  File "program\event_pipe_host.py", line 101, in _run
    if not handle or handle==ctypes.c_void_p(-1).value:raise OSError(ctypes.get_last_error(),'CreateNamedPipe')
                                                       ^^^^^^^^^^^^^^^^^^^^^^^^^^^^^^^^^^^^^^^^^^^^^^^^^^^^^^^^
OSError: [Errno 231] CreateNamedPipe
[STAFF] 2026-10-01 00:16:00,377 [WARNING] STAFF pipe reconnect: [Errno 231] CreateNamedPipe
Traceback (most recent call last):
  File "program\event_pipe_host.py", line 101, in _run
    if not handle or handle==ctypes.c_void_p(-1).value:raise OSError(ctypes.get_last_error(),'CreateNamedPipe')
                                                       ^^^^^^^^^^^^^^^^^^^^^^^^^^^^^^^^^^^^^^^^^^^^^^^^^^^^^^^^
OSError: [Errno 231] CreateNamedPipe
[STAFF] 2026-10-01 00:16:00,578 [WARNING] STAFF pipe reconnect: [Errno 231] CreateNamedPipe
Traceback (most recent call last):
  File "program\event_pipe_host.py", line 101, in _run
    if not handle or handle==ctypes.c_void_p(-1).value:raise OSError(ctypes.get_last_error(),'CreateNamedPipe')
                                                       ^^^^^^^^^^^^^^^^^^^^^^^^^^^^^^^^^^^^^^^^^^^^^^^^^^^^^^^^
OSError: [Errno 231] CreateNamedPipe
[STAFF] 2026-10-01 00:16:00,779 [WARNING] STAFF pipe reconnect: [Errno 231] CreateNamedPipe
Traceback (most recent call last):
  File "program\event_pipe_host.py", line 101, in _run
    if not handle or handle==ctypes.c_void_p(-1).value:raise OSError(ctypes.get_last_error(),'CreateNamedPipe')
                                                       ^^^^^^^^^^^^^^^^^^^^^^^^^^^^^^^^^^^^^^^^^^^^^^^^^^^^^^^^
OSError: [Errno 231] CreateNamedPipe
[STAFF] 2026-10-01 00:16:00,979 [WARNING] STAFF pipe reconnect: [Errno 231] CreateNamedPipe
Traceback (most recent call last):
  File "program\event_pipe_host.py", line 101, in _run
    if not handle or handle==ctypes.c_void_p(-1).value:raise OSError(ctypes.get_last_error(),'CreateNamedPipe')
                                                       ^^^^^^^^^^^^^^^^^^^^^^^^^^^^^^^^^^^^^^^^^^^^^^^^^^^^^^^^
OSError: [Errno 231] CreateNamedPipe
[STAFF] 2026-10-01 00:16:01,179 [WARNING] STAFF pipe reconnect: [Errno 231] CreateNamedPipe
Traceback (most recent call last):
  File "program\event_pipe_host.py", line 101, in _run
    if not handle or handle==ctypes.c_void_p(-1).value:raise OSError(ctypes.get_last_error(),'CreateNamedPipe')
                                                       ^^^^^^^^^^^^^^^^^^^^^^^^^^^^^^^^^^^^^^^^^^^^^^^^^^^^^^^^
OSError: [Errno 231] CreateNamedPipe
[STAFF] 2026-10-01 00:16:01,381 [WARNING] STAFF pipe reconnect: [Errno 231] CreateNamedPipe
Traceback (most recent call last):
  File "program\event_pipe_host.py", line 101, in _run
    if not handle or handle==ctypes.c_void_p(-1).value:raise OSError(ctypes.get_last_error(),'CreateNamedPipe')
                                                       ^^^^^^^^^^^^^^^^^^^^^^^^^^^^^^^^^^^^^^^^^^^^^^^^^^^^^^^^
OSError: [Errno 231] CreateNamedPipe
[STAFF] 2026-10-01 00:16:01,581 [WARNING] STAFF pipe reconnect: [Errno 231] CreateNamedPipe
Traceback (most recent call last):
  File "program\event_pipe_host.py", line 101, in _run
    if not handle or handle==ctypes.c_void_p(-1).value:raise OSError(ctypes.get_last_error(),'CreateNamedPipe')
                                                       ^^^^^^^^^^^^^^^^^^^^^^^^^^^^^^^^^^^^^^^^^^^^^^^^^^^^^^^^
OSError: [Errno 231] CreateNamedPipe
[STAFF] 2026-10-01 00:16:01,782 [WARNING] STAFF pipe reconnect: [Errno 231] CreateNamedPipe
Traceback (most recent call last):
  File "program\event_pipe_host.py", line 101, in _run
    if not handle or handle==ctypes.c_void_p(-1).value:raise OSError(ctypes.get_last_error(),'CreateNamedPipe')
                                                       ^^^^^^^^^^^^^^^^^^^^^^^^^^^^^^^^^^^^^^^^^^^^^^^^^^^^^^^^
OSError: [Errno 231] CreateNamedPipe
[STAFF] 2026-10-01 00:16:01,982 [WARNING] STAFF pipe reconnect: [Errno 231] CreateNamedPipe
Traceback (most recent call last):
  File "program\event_pipe_host.py", line 101, in _run
    if not handle or handle==ctypes.c_void_p(-1).value:raise OSError(ctypes.get_last_error(),'CreateNamedPipe')
                                                       ^^^^^^^^^^^^^^^^^^^^^^^^^^^^^^^^^^^^^^^^^^^^^^^^^^^^^^^^
OSError: [Errno 231] CreateNamedPipe
[STAFF] 2026-10-01 00:16:02,182 [WARNING] STAFF pipe reconnect: [Errno 231] CreateNamedPipe
Traceback (most recent call last):
  File "program\event_pipe_host.py", line 101, in _run
    if not handle or handle==ctypes.c_void_p(-1).value:raise OSError(ctypes.get_last_error(),'CreateNamedPipe')
                                                       ^^^^^^^^^^^^^^^^^^^^^^^^^^^^^^^^^^^^^^^^^^^^^^^^^^^^^^^^
OSError: [Errno 231] CreateNamedPipe
[STAFF] 2026-10-01 00:16:02,383 [WARNING] STAFF pipe reconnect: [Errno 231] CreateNamedPipe
Traceback (most recent call last):
  File "program\event_pipe_host.py", line 101, in _run
    if not handle or handle==ctypes.c_void_p(-1).value:raise OSError(ctypes.get_last_error(),'CreateNamedPipe')
                                                       ^^^^^^^^^^^^^^^^^^^^^^^^^^^^^^^^^^^^^^^^^^^^^^^^^^^^^^^^
OSError: [Errno 231] CreateNamedPipe
[STAFF] 2026-10-01 00:16:02,584 [WARNING] STAFF pipe reconnect: [Errno 231] CreateNamedPipe
Traceback (most recent call last):
  File "program\event_pipe_host.py", line 101, in _run
    if not handle or handle==ctypes.c_void_p(-1).value:raise OSError(ctypes.get_last_error(),'CreateNamedPipe')
                                                       ^^^^^^^^^^^^^^^^^^^^^^^^^^^^^^^^^^^^^^^^^^^^^^^^^^^^^^^^
OSError: [Errno 231] CreateNamedPipe
[STAFF] 2026-10-01 00:16:02,784 [WARNING] STAFF pipe reconnect: [Errno 231] CreateNamedPipe
Traceback (most recent call last):
  File "program\event_pipe_host.py", line 101, in _run
    if not handle or handle==ctypes.c_void_p(-1).value:raise OSError(ctypes.get_last_error(),'CreateNamedPipe')
                                                       ^^^^^^^^^^^^^^^^^^^^^^^^^^^^^^^^^^^^^^^^^^^^^^^^^^^^^^^^
OSError: [Errno 231] CreateNamedPipe
[STAFF] 2026-10-01 00:16:02,985 [WARNING] STAFF pipe reconnect: [Errno 231] CreateNamedPipe
Traceback (most recent call last):
  File "program\event_pipe_host.py", line 101, in _run
    if not handle or handle==ctypes.c_void_p(-1).value:raise OSError(ctypes.get_last_error(),'CreateNamedPipe')
                                                       ^^^^^^^^^^^^^^^^^^^^^^^^^^^^^^^^^^^^^^^^^^^^^^^^^^^^^^^^
OSError: [Errno 231] CreateNamedPipe
[STAFF] 2026-10-01 00:16:03,185 [WARNING] STAFF pipe reconnect: [Errno 231] CreateNamedPipe
Traceback (most recent call last):
  File "program\event_pipe_host.py", line 101, in _run
    if not handle or handle==ctypes.c_void_p(-1).value:raise OSError(ctypes.get_last_error(),'CreateNamedPipe')
                                                       ^^^^^^^^^^^^^^^^^^^^^^^^^^^^^^^^^^^^^^^^^^^^^^^^^^^^^^^^
OSError: [Errno 231] CreateNamedPipe
[STAFF] 2026-10-01 00:16:03,385 [WARNING] STAFF pipe reconnect: [Errno 231] CreateNamedPipe
Traceback (most recent call last):
  File "program\event_pipe_host.py", line 101, in _run
    if not handle or handle==ctypes.c_void_p(-1).value:raise OSError(ctypes.get_last_error(),'CreateNamedPipe')
                                                       ^^^^^^^^^^^^^^^^^^^^^^^^^^^^^^^^^^^^^^^^^^^^^^^^^^^^^^^^
OSError: [Errno 231] CreateNamedPipe
[STAFF] 2026-10-01 00:16:03,585 [WARNING] STAFF pipe reconnect: [Errno 231] CreateNamedPipe
Traceback (most recent call last):
  File "program\event_pipe_host.py", line 101, in _run
    if not handle or handle==ctypes.c_void_p(-1).value:raise OSError(ctypes.get_last_error(),'CreateNamedPipe')
                                                       ^^^^^^^^^^^^^^^^^^^^^^^^^^^^^^^^^^^^^^^^^^^^^^^^^^^^^^^^
OSError: [Errno 231] CreateNamedPipe
[STAFF] 2026-10-01 00:16:03,786 [WARNING] STAFF pipe reconnect: [Errno 231] CreateNamedPipe
Traceback (most recent call last):
  File "program\event_pipe_host.py", line 101, in _run
    if not handle or handle==ctypes.c_void_p(-1).value:raise OSError(ctypes.get_last_error(),'CreateNamedPipe')
                                                       ^^^^^^^^^^^^^^^^^^^^^^^^^^^^^^^^^^^^^^^^^^^^^^^^^^^^^^^^
OSError: [Errno 231] CreateNamedPipe
[STAFF] 2026-10-01 00:16:03,987 [WARNING] STAFF pipe reconnect: [Errno 231] CreateNamedPipe
Traceback (most recent call last):
  File "program\event_pipe_host.py", line 101, in _run
    if not handle or handle==ctypes.c_void_p(-1).value:raise OSError(ctypes.get_last_error(),'CreateNamedPipe')
                                                       ^^^^^^^^^^^^^^^^^^^^^^^^^^^^^^^^^^^^^^^^^^^^^^^^^^^^^^^^
OSError: [Errno 231] CreateNamedPipe
[STAFF] 2026-10-01 00:16:04,188 [WARNING] STAFF pipe reconnect: [Errno 231] CreateNamedPipe
Traceback (most recent call last):
  File "program\event_pipe_host.py", line 101, in _run
    if not handle or handle==ctypes.c_void_p(-1).value:raise OSError(ctypes.get_last_error(),'CreateNamedPipe')
                                                       ^^^^^^^^^^^^^^^^^^^^^^^^^^^^^^^^^^^^^^^^^^^^^^^^^^^^^^^^
OSError: [Errno 231] CreateNamedPipe
[STAFF] 2026-10-01 00:16:04,389 [WARNING] STAFF pipe reconnect: [Errno 231] CreateNamedPipe
Traceback (most recent call last):
  File "program\event_pipe_host.py", line 101, in _run
    if not handle or handle==ctypes.c_void_p(-1).value:raise OSError(ctypes.get_last_error(),'CreateNamedPipe')
                                                       ^^^^^^^^^^^^^^^^^^^^^^^^^^^^^^^^^^^^^^^^^^^^^^^^^^^^^^^^
OSError: [Errno 231] CreateNamedPipe
[STAFF] 2026-10-01 00:16:04,589 [WARNING] STAFF pipe reconnect: [Errno 231] CreateNamedPipe
Traceback (most recent call last):
  File "program\event_pipe_host.py", line 101, in _run
    if not handle or handle==ctypes.c_void_p(-1).value:raise OSError(ctypes.get_last_error(),'CreateNamedPipe')
                                                       ^^^^^^^^^^^^^^^^^^^^^^^^^^^^^^^^^^^^^^^^^^^^^^^^^^^^^^^^
OSError: [Errno 231] CreateNamedPipe
[STAFF] 2026-10-01 00:16:04,789 [WARNING] STAFF pipe reconnect: [Errno 231] CreateNamedPipe
Traceback (most recent call last):
  File "program\event_pipe_host.py", line 101, in _run
    if not handle or handle==ctypes.c_void_p(-1).value:raise OSError(ctypes.get_last_error(),'CreateNamedPipe')
                                                       ^^^^^^^^^^^^^^^^^^^^^^^^^^^^^^^^^^^^^^^^^^^^^^^^^^^^^^^^
OSError: [Errno 231] CreateNamedPipe
[STAFF] 2026-10-01 00:16:04,990 [WARNING] STAFF pipe reconnect: [Errno 231] CreateNamedPipe
Traceback (most recent call last):
  File "program\event_pipe_host.py", line 101, in _run
    if not handle or handle==ctypes.c_void_p(-1).value:raise OSError(ctypes.get_last_error(),'CreateNamedPipe')
                                                       ^^^^^^^^^^^^^^^^^^^^^^^^^^^^^^^^^^^^^^^^^^^^^^^^^^^^^^^^
OSError: [Errno 231] CreateNamedPipe
[STAFF] 2026-10-01 00:16:05,190 [WARNING] STAFF pipe reconnect: [Errno 231] CreateNamedPipe
Traceback (most recent call last):
  File "program\event_pipe_host.py", line 101, in _run
    if not handle or handle==ctypes.c_void_p(-1).value:raise OSError(ctypes.get_last_error(),'CreateNamedPipe')
                                                       ^^^^^^^^^^^^^^^^^^^^^^^^^^^^^^^^^^^^^^^^^^^^^^^^^^^^^^^^
OSError: [Errno 231] CreateNamedPipe
[STAFF] 2026-10-01 00:16:05,390 [WARNING] STAFF pipe reconnect: [Errno 231] CreateNamedPipe
Traceback (most recent call last):
  File "program\event_pipe_host.py", line 101, in _run
    if not handle or handle==ctypes.c_void_p(-1).value:raise OSError(ctypes.get_last_error(),'CreateNamedPipe')
                                                       ^^^^^^^^^^^^^^^^^^^^^^^^^^^^^^^^^^^^^^^^^^^^^^^^^^^^^^^^
OSError: [Errno 231] CreateNamedPipe
[STAFF] 2026-10-01 00:16:05,592 [WARNING] STAFF pipe reconnect: [Errno 231] CreateNamedPipe
Traceback (most recent call last):
  File "program\event_pipe_host.py", line 101, in _run
    if not handle or handle==ctypes.c_void_p(-1).value:raise OSError(ctypes.get_last_error(),'CreateNamedPipe')
                                                       ^^^^^^^^^^^^^^^^^^^^^^^^^^^^^^^^^^^^^^^^^^^^^^^^^^^^^^^^
OSError: [Errno 231] CreateNamedPipe
[STAFF] 2026-10-01 00:16:05,792 [WARNING] STAFF pipe reconnect: [Errno 231] CreateNamedPipe
Traceback (most recent call last):
  File "program\event_pipe_host.py", line 101, in _run
    if not handle or handle==ctypes.c_void_p(-1).value:raise OSError(ctypes.get_last_error(),'CreateNamedPipe')
                                                       ^^^^^^^^^^^^^^^^^^^^^^^^^^^^^^^^^^^^^^^^^^^^^^^^^^^^^^^^
OSError: [Errno 231] CreateNamedPipe
[STAFF] 2026-10-01 00:16:05,994 [WARNING] STAFF pipe reconnect: [Errno 231] CreateNamedPipe
Traceback (most recent call last):
  File "program\event_pipe_host.py", line 101, in _run
    if not handle or handle==ctypes.c_void_p(-1).value:raise OSError(ctypes.get_last_error(),'CreateNamedPipe')
                                                       ^^^^^^^^^^^^^^^^^^^^^^^^^^^^^^^^^^^^^^^^^^^^^^^^^^^^^^^^
OSError: [Errno 231] CreateNamedPipe
[STAFF] 2026-10-01 00:16:06,194 [WARNING] STAFF pipe reconnect: [Errno 231] CreateNamedPipe
Traceback (most recent call last):
  File "program\event_pipe_host.py", line 101, in _run
    if not handle or handle==ctypes.c_void_p(-1).value:raise OSError(ctypes.get_last_error(),'CreateNamedPipe')
                                                       ^^^^^^^^^^^^^^^^^^^^^^^^^^^^^^^^^^^^^^^^^^^^^^^^^^^^^^^^
OSError: [Errno 231] CreateNamedPipe
[STAFF] 2026-10-01 00:16:06,396 [WARNING] STAFF pipe reconnect: [Errno 231] CreateNamedPipe
Traceback (most recent call last):
  File "program\event_pipe_host.py", line 101, in _run
    if not handle or handle==ctypes.c_void_p(-1).value:raise OSError(ctypes.get_last_error(),'CreateNamedPipe')
                                                       ^^^^^^^^^^^^^^^^^^^^^^^^^^^^^^^^^^^^^^^^^^^^^^^^^^^^^^^^
OSError: [Errno 231] CreateNamedPipe
[STAFF] 2026-10-01 00:16:06,597 [WARNING] STAFF pipe reconnect: [Errno 231] CreateNamedPipe
Traceback (most recent call last):
  File "program\event_pipe_host.py", line 101, in _run
    if not handle or handle==ctypes.c_void_p(-1).value:raise OSError(ctypes.get_last_error(),'CreateNamedPipe')
                                                       ^^^^^^^^^^^^^^^^^^^^^^^^^^^^^^^^^^^^^^^^^^^^^^^^^^^^^^^^
OSError: [Errno 231] CreateNamedPipe
[STAFF] 2026-10-01 00:16:06,798 [WARNING] STAFF pipe reconnect: [Errno 231] CreateNamedPipe
Traceback (most recent call last):
  File "program\event_pipe_host.py", line 101, in _run
    if not handle or handle==ctypes.c_void_p(-1).value:raise OSError(ctypes.get_last_error(),'CreateNamedPipe')
                                                       ^^^^^^^^^^^^^^^^^^^^^^^^^^^^^^^^^^^^^^^^^^^^^^^^^^^^^^^^
OSError: [Errno 231] CreateNamedPipe
[STAFF] 2026-10-01 00:16:06,998 [WARNING] STAFF pipe reconnect: [Errno 231] CreateNamedPipe
Traceback (most recent call last):
  File "program\event_pipe_host.py", line 101, in _run
    if not handle or handle==ctypes.c_void_p(-1).value:raise OSError(ctypes.get_last_error(),'CreateNamedPipe')
                                                       ^^^^^^^^^^^^^^^^^^^^^^^^^^^^^^^^^^^^^^^^^^^^^^^^^^^^^^^^
OSError: [Errno 231] CreateNamedPipe
[STAFF] 2026-10-01 00:16:07,199 [WARNING] STAFF pipe reconnect: [Errno 231] CreateNamedPipe
Traceback (most recent call last):
  File "program\event_pipe_host.py", line 101, in _run
    if not handle or handle==ctypes.c_void_p(-1).value:raise OSError(ctypes.get_last_error(),'CreateNamedPipe')
                                                       ^^^^^^^^^^^^^^^^^^^^^^^^^^^^^^^^^^^^^^^^^^^^^^^^^^^^^^^^
OSError: [Errno 231] CreateNamedPipe
[STAFF] 2026-10-01 00:16:07,399 [WARNING] STAFF pipe reconnect: [Errno 231] CreateNamedPipe
Traceback (most recent call last):
  File "program\event_pipe_host.py", line 101, in _run
    if not handle or handle==ctypes.c_void_p(-1).value:raise OSError(ctypes.get_last_error(),'CreateNamedPipe')
                                                       ^^^^^^^^^^^^^^^^^^^^^^^^^^^^^^^^^^^^^^^^^^^^^^^^^^^^^^^^
OSError: [Errno 231] CreateNamedPipe
[STAFF] 2026-10-01 00:16:07,600 [WARNING] STAFF pipe reconnect: [Errno 231] CreateNamedPipe
Traceback (most recent call last):
  File "program\event_pipe_host.py", line 101, in _run
    if not handle or handle==ctypes.c_void_p(-1).value:raise OSError(ctypes.get_last_error(),'CreateNamedPipe')
                                                       ^^^^^^^^^^^^^^^^^^^^^^^^^^^^^^^^^^^^^^^^^^^^^^^^^^^^^^^^
OSError: [Errno 231] CreateNamedPipe
[STAFF] 2026-10-01 00:16:07,801 [WARNING] STAFF pipe reconnect: [Errno 231] CreateNamedPipe
Traceback (most recent call last):
  File "program\event_pipe_host.py", line 101, in _run
    if not handle or handle==ctypes.c_void_p(-1).value:raise OSError(ctypes.get_last_error(),'CreateNamedPipe')
                                                       ^^^^^^^^^^^^^^^^^^^^^^^^^^^^^^^^^^^^^^^^^^^^^^^^^^^^^^^^
OSError: [Errno 231] CreateNamedPipe
[STAFF] 2026-10-01 00:16:08,003 [WARNING] STAFF pipe reconnect: [Errno 231] CreateNamedPipe
Traceback (most recent call last):
  File "program\event_pipe_host.py", line 101, in _run
    if not handle or handle==ctypes.c_void_p(-1).value:raise OSError(ctypes.get_last_error(),'CreateNamedPipe')
                                                       ^^^^^^^^^^^^^^^^^^^^^^^^^^^^^^^^^^^^^^^^^^^^^^^^^^^^^^^^
OSError: [Errno 231] CreateNamedPipe
[STAFF] 2026-10-01 00:16:08,203 [WARNING] STAFF pipe reconnect: [Errno 231] CreateNamedPipe
Traceback (most recent call last):
  File "program\event_pipe_host.py", line 101, in _run
    if not handle or handle==ctypes.c_void_p(-1).value:raise OSError(ctypes.get_last_error(),'CreateNamedPipe')
                                                       ^^^^^^^^^^^^^^^^^^^^^^^^^^^^^^^^^^^^^^^^^^^^^^^^^^^^^^^^
OSError: [Errno 231] CreateNamedPipe
[STAFF] 2026-10-01 00:16:08,404 [WARNING] STAFF pipe reconnect: [Errno 231] CreateNamedPipe
Traceback (most recent call last):
  File "program\event_pipe_host.py", line 101, in _run
    if not handle or handle==ctypes.c_void_p(-1).value:raise OSError(ctypes.get_last_error(),'CreateNamedPipe')
                                                       ^^^^^^^^^^^^^^^^^^^^^^^^^^^^^^^^^^^^^^^^^^^^^^^^^^^^^^^^
OSError: [Errno 231] CreateNamedPipe
[STAFF] 2026-10-01 00:16:08,605 [WARNING] STAFF pipe reconnect: [Errno 231] CreateNamedPipe
Traceback (most recent call last):
  File "program\event_pipe_host.py", line 101, in _run
    if not handle or handle==ctypes.c_void_p(-1).value:raise OSError(ctypes.get_last_error(),'CreateNamedPipe')
                                                       ^^^^^^^^^^^^^^^^^^^^^^^^^^^^^^^^^^^^^^^^^^^^^^^^^^^^^^^^
OSError: [Errno 231] CreateNamedPipe
[STAFF] 2026-10-01 00:16:08,805 [WARNING] STAFF pipe reconnect: [Errno 231] CreateNamedPipe
Traceback (most recent call last):
  File "program\event_pipe_host.py", line 101, in _run
    if not handle or handle==ctypes.c_void_p(-1).value:raise OSError(ctypes.get_last_error(),'CreateNamedPipe')
                                                       ^^^^^^^^^^^^^^^^^^^^^^^^^^^^^^^^^^^^^^^^^^^^^^^^^^^^^^^^
OSError: [Errno 231] CreateNamedPipe
[STAFF] 2026-10-01 00:16:09,006 [WARNING] STAFF pipe reconnect: [Errno 231] CreateNamedPipe
Traceback (most recent call last):
  File "program\event_pipe_host.py", line 101, in _run
    if not handle or handle==ctypes.c_void_p(-1).value:raise OSError(ctypes.get_last_error(),'CreateNamedPipe')
                                                       ^^^^^^^^^^^^^^^^^^^^^^^^^^^^^^^^^^^^^^^^^^^^^^^^^^^^^^^^
OSError: [Errno 231] CreateNamedPipe
[STAFF] 2026-10-01 00:16:09,206 [WARNING] STAFF pipe reconnect: [Errno 231] CreateNamedPipe
Traceback (most recent call last):
  File "program\event_pipe_host.py", line 101, in _run
    if not handle or handle==ctypes.c_void_p(-1).value:raise OSError(ctypes.get_last_error(),'CreateNamedPipe')
                                                       ^^^^^^^^^^^^^^^^^^^^^^^^^^^^^^^^^^^^^^^^^^^^^^^^^^^^^^^^
OSError: [Errno 231] CreateNamedPipe
[STAFF] 2026-10-01 00:16:09,407 [WARNING] STAFF pipe reconnect: [Errno 231] CreateNamedPipe
Traceback (most recent call last):
  File "program\event_pipe_host.py", line 101, in _run
    if not handle or handle==ctypes.c_void_p(-1).value:raise OSError(ctypes.get_last_error(),'CreateNamedPipe')
                                                       ^^^^^^^^^^^^^^^^^^^^^^^^^^^^^^^^^^^^^^^^^^^^^^^^^^^^^^^^
OSError: [Errno 231] CreateNamedPipe
[STAFF] 2026-10-01 00:16:09,608 [WARNING] STAFF pipe reconnect: [Errno 231] CreateNamedPipe
Traceback (most recent call last):
  File "program\event_pipe_host.py", line 101, in _run
    if not handle or handle==ctypes.c_void_p(-1).value:raise OSError(ctypes.get_last_error(),'CreateNamedPipe')
                                                       ^^^^^^^^^^^^^^^^^^^^^^^^^^^^^^^^^^^^^^^^^^^^^^^^^^^^^^^^
OSError: [Errno 231] CreateNamedPipe
[STAFF] 2026-10-01 00:16:09,808 [WARNING] STAFF pipe reconnect: [Errno 231] CreateNamedPipe
Traceback (most recent call last):
  File "program\event_pipe_host.py", line 101, in _run
    if not handle or handle==ctypes.c_void_p(-1).value:raise OSError(ctypes.get_last_error(),'CreateNamedPipe')
                                                       ^^^^^^^^^^^^^^^^^^^^^^^^^^^^^^^^^^^^^^^^^^^^^^^^^^^^^^^^
OSError: [Errno 231] CreateNamedPipe
[STAFF] 2026-10-01 00:16:10,008 [WARNING] STAFF pipe reconnect: [Errno 231] CreateNamedPipe
Traceback (most recent call last):
  File "program\event_pipe_host.py", line 101, in _run
    if not handle or handle==ctypes.c_void_p(-1).value:raise OSError(ctypes.get_last_error(),'CreateNamedPipe')
                                                       ^^^^^^^^^^^^^^^^^^^^^^^^^^^^^^^^^^^^^^^^^^^^^^^^^^^^^^^^
OSError: [Errno 231] CreateNamedPipe
[STAFF] 2026-10-01 00:16:10,209 [WARNING] STAFF pipe reconnect: [Errno 231] CreateNamedPipe
Traceback (most recent call last):
  File "program\event_pipe_host.py", line 101, in _run
    if not handle or handle==ctypes.c_void_p(-1).value:raise OSError(ctypes.get_last_error(),'CreateNamedPipe')
                                                       ^^^^^^^^^^^^^^^^^^^^^^^^^^^^^^^^^^^^^^^^^^^^^^^^^^^^^^^^
OSError: [Errno 231] CreateNamedPipe
[STAFF] 2026-10-01 00:16:10,411 [WARNING] STAFF pipe reconnect: [Errno 231] CreateNamedPipe
Traceback (most recent call last):
  File "program\event_pipe_host.py", line 101, in _run
    if not handle or handle==ctypes.c_void_p(-1).value:raise OSError(ctypes.get_last_error(),'CreateNamedPipe')
                                                       ^^^^^^^^^^^^^^^^^^^^^^^^^^^^^^^^^^^^^^^^^^^^^^^^^^^^^^^^
OSError: [Errno 231] CreateNamedPipe
[STAFF] 2026-10-01 00:16:10,612 [WARNING] STAFF pipe reconnect: [Errno 231] CreateNamedPipe
Traceback (most recent call last):
  File "program\event_pipe_host.py", line 101, in _run
    if not handle or handle==ctypes.c_void_p(-1).value:raise OSError(ctypes.get_last_error(),'CreateNamedPipe')
                                                       ^^^^^^^^^^^^^^^^^^^^^^^^^^^^^^^^^^^^^^^^^^^^^^^^^^^^^^^^
OSError: [Errno 231] CreateNamedPipe
[STAFF] 2026-10-01 00:16:10,812 [WARNING] STAFF pipe reconnect: [Errno 231] CreateNamedPipe
Traceback (most recent call last):
  File "program\event_pipe_host.py", line 101, in _run
    if not handle or handle==ctypes.c_void_p(-1).value:raise OSError(ctypes.get_last_error(),'CreateNamedPipe')
                                                       ^^^^^^^^^^^^^^^^^^^^^^^^^^^^^^^^^^^^^^^^^^^^^^^^^^^^^^^^
OSError: [Errno 231] CreateNamedPipe
[STAFF] 2026-10-01 00:16:11,013 [WARNING] STAFF pipe reconnect: [Errno 231] CreateNamedPipe
Traceback (most recent call last):
  File "program\event_pipe_host.py", line 101, in _run
    if not handle or handle==ctypes.c_void_p(-1).value:raise OSError(ctypes.get_last_error(),'CreateNamedPipe')
                                                       ^^^^^^^^^^^^^^^^^^^^^^^^^^^^^^^^^^^^^^^^^^^^^^^^^^^^^^^^
OSError: [Errno 231] CreateNamedPipe
[STAFF] 2026-10-01 00:16:11,214 [WARNING] STAFF pipe reconnect: [Errno 231] CreateNamedPipe
Traceback (most recent call last):
  File "program\event_pipe_host.py", line 101, in _run
    if not handle or handle==ctypes.c_void_p(-1).value:raise OSError(ctypes.get_last_error(),'CreateNamedPipe')
                                                       ^^^^^^^^^^^^^^^^^^^^^^^^^^^^^^^^^^^^^^^^^^^^^^^^^^^^^^^^
OSError: [Errno 231] CreateNamedPipe
[STAFF] 2026-10-01 00:16:11,415 [WARNING] STAFF pipe reconnect: [Errno 231] CreateNamedPipe
Traceback (most recent call last):
  File "program\event_pipe_host.py", line 101, in _run
    if not handle or handle==ctypes.c_void_p(-1).value:raise OSError(ctypes.get_last_error(),'CreateNamedPipe')
                                                       ^^^^^^^^^^^^^^^^^^^^^^^^^^^^^^^^^^^^^^^^^^^^^^^^^^^^^^^^
OSError: [Errno 231] CreateNamedPipe
[STAFF] 2026-10-01 00:16:11,616 [WARNING] STAFF pipe reconnect: [Errno 231] CreateNamedPipe
Traceback (most recent call last):
  File "program\event_pipe_host.py", line 101, in _run
    if not handle or handle==ctypes.c_void_p(-1).value:raise OSError(ctypes.get_last_error(),'CreateNamedPipe')
                                                       ^^^^^^^^^^^^^^^^^^^^^^^^^^^^^^^^^^^^^^^^^^^^^^^^^^^^^^^^
OSError: [Errno 231] CreateNamedPipe
[STAFF] 2026-10-01 00:16:11,816 [WARNING] STAFF pipe reconnect: [Errno 231] CreateNamedPipe
Traceback (most recent call last):
  File "program\event_pipe_host.py", line 101, in _run
    if not handle or handle==ctypes.c_void_p(-1).value:raise OSError(ctypes.get_last_error(),'CreateNamedPipe')
                                                       ^^^^^^^^^^^^^^^^^^^^^^^^^^^^^^^^^^^^^^^^^^^^^^^^^^^^^^^^
OSError: [Errno 231] CreateNamedPipe
[STAFF] 2026-10-01 00:16:12,016 [WARNING] STAFF pipe reconnect: [Errno 231] CreateNamedPipe
Traceback (most recent call last):
  File "program\event_pipe_host.py", line 101, in _run
    if not handle or handle==ctypes.c_void_p(-1).value:raise OSError(ctypes.get_last_error(),'CreateNamedPipe')
                                                       ^^^^^^^^^^^^^^^^^^^^^^^^^^^^^^^^^^^^^^^^^^^^^^^^^^^^^^^^
OSError: [Errno 231] CreateNamedPipe
[STAFF] 2026-10-01 00:16:12,217 [WARNING] STAFF pipe reconnect: [Errno 231] CreateNamedPipe
Traceback (most recent call last):
  File "program\event_pipe_host.py", line 101, in _run
    if not handle or handle==ctypes.c_void_p(-1).value:raise OSError(ctypes.get_last_error(),'CreateNamedPipe')
                                                       ^^^^^^^^^^^^^^^^^^^^^^^^^^^^^^^^^^^^^^^^^^^^^^^^^^^^^^^^
OSError: [Errno 231] CreateNamedPipe
[STAFF] 2026-10-01 00:16:12,418 [WARNING] STAFF pipe reconnect: [Errno 231] CreateNamedPipe
Traceback (most recent call last):
  File "program\event_pipe_host.py", line 101, in _run
    if not handle or handle==ctypes.c_void_p(-1).value:raise OSError(ctypes.get_last_error(),'CreateNamedPipe')
                                                       ^^^^^^^^^^^^^^^^^^^^^^^^^^^^^^^^^^^^^^^^^^^^^^^^^^^^^^^^
OSError: [Errno 231] CreateNamedPipe
[STAFF] 2026-10-01 00:16:12,618 [WARNING] STAFF pipe reconnect: [Errno 231] CreateNamedPipe
Traceback (most recent call last):
  File "program\event_pipe_host.py", line 101, in _run
    if not handle or handle==ctypes.c_void_p(-1).value:raise OSError(ctypes.get_last_error(),'CreateNamedPipe')
                                                       ^^^^^^^^^^^^^^^^^^^^^^^^^^^^^^^^^^^^^^^^^^^^^^^^^^^^^^^^
OSError: [Errno 231] CreateNamedPipe
[STAFF] 2026-10-01 00:16:12,819 [WARNING] STAFF pipe reconnect: [Errno 231] CreateNamedPipe
Traceback (most recent call last):
  File "program\event_pipe_host.py", line 101, in _run
    if not handle or handle==ctypes.c_void_p(-1).value:raise OSError(ctypes.get_last_error(),'CreateNamedPipe')
                                                       ^^^^^^^^^^^^^^^^^^^^^^^^^^^^^^^^^^^^^^^^^^^^^^^^^^^^^^^^
OSError: [Errno 231] CreateNamedPipe
[STAFF] 2026-10-01 00:16:13,020 [WARNING] STAFF pipe reconnect: [Errno 231] CreateNamedPipe
Traceback (most recent call last):
  File "program\event_pipe_host.py", line 101, in _run
    if not handle or handle==ctypes.c_void_p(-1).value:raise OSError(ctypes.get_last_error(),'CreateNamedPipe')
                                                       ^^^^^^^^^^^^^^^^^^^^^^^^^^^^^^^^^^^^^^^^^^^^^^^^^^^^^^^^
OSError: [Errno 231] CreateNamedPipe
[STAFF] 2026-10-01 00:16:13,220 [WARNING] STAFF pipe reconnect: [Errno 231] CreateNamedPipe
Traceback (most recent call last):
  File "program\event_pipe_host.py", line 101, in _run
    if not handle or handle==ctypes.c_void_p(-1).value:raise OSError(ctypes.get_last_error(),'CreateNamedPipe')
                                                       ^^^^^^^^^^^^^^^^^^^^^^^^^^^^^^^^^^^^^^^^^^^^^^^^^^^^^^^^
OSError: [Errno 231] CreateNamedPipe
[STAFF] 2026-10-01 00:16:13,420 [WARNING] STAFF pipe reconnect: [Errno 231] CreateNamedPipe
Traceback (most recent call last):
  File "program\event_pipe_host.py", line 101, in _run
    if not handle or handle==ctypes.c_void_p(-1).value:raise OSError(ctypes.get_last_error(),'CreateNamedPipe')
                                                       ^^^^^^^^^^^^^^^^^^^^^^^^^^^^^^^^^^^^^^^^^^^^^^^^^^^^^^^^
OSError: [Errno 231] CreateNamedPipe
[STAFF] 2026-10-01 00:16:13,621 [WARNING] STAFF pipe reconnect: [Errno 231] CreateNamedPipe
Traceback (most recent call last):
  File "program\event_pipe_host.py", line 101, in _run
    if not handle or handle==ctypes.c_void_p(-1).value:raise OSError(ctypes.get_last_error(),'CreateNamedPipe')
                                                       ^^^^^^^^^^^^^^^^^^^^^^^^^^^^^^^^^^^^^^^^^^^^^^^^^^^^^^^^
OSError: [Errno 231] CreateNamedPipe
[STAFF] 2026-10-01 00:16:13,822 [WARNING] STAFF pipe reconnect: [Errno 231] CreateNamedPipe
Traceback (most recent call last):
  File "program\event_pipe_host.py", line 101, in _run
    if not handle or handle==ctypes.c_void_p(-1).value:raise OSError(ctypes.get_last_error(),'CreateNamedPipe')
                                                       ^^^^^^^^^^^^^^^^^^^^^^^^^^^^^^^^^^^^^^^^^^^^^^^^^^^^^^^^
OSError: [Errno 231] CreateNamedPipe
[STAFF] 2026-10-01 00:16:14,023 [WARNING] STAFF pipe reconnect: [Errno 231] CreateNamedPipe
Traceback (most recent call last):
  File "program\event_pipe_host.py", line 101, in _run
    if not handle or handle==ctypes.c_void_p(-1).value:raise OSError(ctypes.get_last_error(),'CreateNamedPipe')
                                                       ^^^^^^^^^^^^^^^^^^^^^^^^^^^^^^^^^^^^^^^^^^^^^^^^^^^^^^^^
OSError: [Errno 231] CreateNamedPipe
[STAFF] 2026-10-01 00:16:14,223 [WARNING] STAFF pipe reconnect: [Errno 231] CreateNamedPipe
Traceback (most recent call last):
  File "program\event_pipe_host.py", line 101, in _run
    if not handle or handle==ctypes.c_void_p(-1).value:raise OSError(ctypes.get_last_error(),'CreateNamedPipe')
                                                       ^^^^^^^^^^^^^^^^^^^^^^^^^^^^^^^^^^^^^^^^^^^^^^^^^^^^^^^^
OSError: [Errno 231] CreateNamedPipe
[STAFF] 2026-10-01 00:16:14,424 [WARNING] STAFF pipe reconnect: [Errno 231] CreateNamedPipe
Traceback (most recent call last):
  File "program\event_pipe_host.py", line 101, in _run
    if not handle or handle==ctypes.c_void_p(-1).value:raise OSError(ctypes.get_last_error(),'CreateNamedPipe')
                                                       ^^^^^^^^^^^^^^^^^^^^^^^^^^^^^^^^^^^^^^^^^^^^^^^^^^^^^^^^
OSError: [Errno 231] CreateNamedPipe
[STAFF] 2026-10-01 00:16:14,624 [WARNING] STAFF pipe reconnect: [Errno 231] CreateNamedPipe
Traceback (most recent call last):
  File "program\event_pipe_host.py", line 101, in _run
    if not handle or handle==ctypes.c_void_p(-1).value:raise OSError(ctypes.get_last_error(),'CreateNamedPipe')
                                                       ^^^^^^^^^^^^^^^^^^^^^^^^^^^^^^^^^^^^^^^^^^^^^^^^^^^^^^^^
OSError: [Errno 231] CreateNamedPipe
[STAFF] 2026-10-01 00:16:14,825 [WARNING] STAFF pipe reconnect: [Errno 231] CreateNamedPipe
Traceback (most recent call last):
  File "program\event_pipe_host.py", line 101, in _run
    if not handle or handle==ctypes.c_void_p(-1).value:raise OSError(ctypes.get_last_error(),'CreateNamedPipe')
                                                       ^^^^^^^^^^^^^^^^^^^^^^^^^^^^^^^^^^^^^^^^^^^^^^^^^^^^^^^^
OSError: [Errno 231] CreateNamedPipe
[STAFF] 2026-10-01 00:16:15,025 [WARNING] STAFF pipe reconnect: [Errno 231] CreateNamedPipe
Traceback (most recent call last):
  File "program\event_pipe_host.py", line 101, in _run
    if not handle or handle==ctypes.c_void_p(-1).value:raise OSError(ctypes.get_last_error(),'CreateNamedPipe')
                                                       ^^^^^^^^^^^^^^^^^^^^^^^^^^^^^^^^^^^^^^^^^^^^^^^^^^^^^^^^
OSError: [Errno 231] CreateNamedPipe
[STAFF] 2026-10-01 00:16:15,227 [WARNING] STAFF pipe reconnect: [Errno 231] CreateNamedPipe
Traceback (most recent call last):
  File "program\event_pipe_host.py", line 101, in _run
    if not handle or handle==ctypes.c_void_p(-1).value:raise OSError(ctypes.get_last_error(),'CreateNamedPipe')
                                                       ^^^^^^^^^^^^^^^^^^^^^^^^^^^^^^^^^^^^^^^^^^^^^^^^^^^^^^^^
OSError: [Errno 231] CreateNamedPipe
[STAFF] 2026-10-01 00:16:15,428 [WARNING] STAFF pipe reconnect: [Errno 231] CreateNamedPipe
Traceback (most recent call last):
  File "program\event_pipe_host.py", line 101, in _run
    if not handle or handle==ctypes.c_void_p(-1).value:raise OSError(ctypes.get_last_error(),'CreateNamedPipe')
                                                       ^^^^^^^^^^^^^^^^^^^^^^^^^^^^^^^^^^^^^^^^^^^^^^^^^^^^^^^^
OSError: [Errno 231] CreateNamedPipe
[STAFF] 2026-10-01 00:16:15,628 [WARNING] STAFF pipe reconnect: [Errno 231] CreateNamedPipe
Traceback (most recent call last):
  File "program\event_pipe_host.py", line 101, in _run
    if not handle or handle==ctypes.c_void_p(-1).value:raise OSError(ctypes.get_last_error(),'CreateNamedPipe')
                                                       ^^^^^^^^^^^^^^^^^^^^^^^^^^^^^^^^^^^^^^^^^^^^^^^^^^^^^^^^
OSError: [Errno 231] CreateNamedPipe
[STAFF] 2026-10-01 00:16:15,828 [WARNING] STAFF pipe reconnect: [Errno 231] CreateNamedPipe
Traceback (most recent call last):
  File "program\event_pipe_host.py", line 101, in _run
    if not handle or handle==ctypes.c_void_p(-1).value:raise OSError(ctypes.get_last_error(),'CreateNamedPipe')
                                                       ^^^^^^^^^^^^^^^^^^^^^^^^^^^^^^^^^^^^^^^^^^^^^^^^^^^^^^^^
OSError: [Errno 231] CreateNamedPipe
[STAFF] 2026-10-01 00:16:16,029 [WARNING] STAFF pipe reconnect: [Errno 231] CreateNamedPipe
Traceback (most recent call last):
  File "program\event_pipe_host.py", line 101, in _run
    if not handle or handle==ctypes.c_void_p(-1).value:raise OSError(ctypes.get_last_error(),'CreateNamedPipe')
                                                       ^^^^^^^^^^^^^^^^^^^^^^^^^^^^^^^^^^^^^^^^^^^^^^^^^^^^^^^^
OSError: [Errno 231] CreateNamedPipe
[STAFF] 2026-10-01 00:16:16,229 [WARNING] STAFF pipe reconnect: [Errno 231] CreateNamedPipe
Traceback (most recent call last):
  File "program\event_pipe_host.py", line 101, in _run
    if not handle or handle==ctypes.c_void_p(-1).value:raise OSError(ctypes.get_last_error(),'CreateNamedPipe')
                                                       ^^^^^^^^^^^^^^^^^^^^^^^^^^^^^^^^^^^^^^^^^^^^^^^^^^^^^^^^
OSError: [Errno 231] CreateNamedPipe
[STAFF] 2026-10-01 00:16:16,430 [WARNING] STAFF pipe reconnect: [Errno 231] CreateNamedPipe
Traceback (most recent call last):
  File "program\event_pipe_host.py", line 101, in _run
    if not handle or handle==ctypes.c_void_p(-1).value:raise OSError(ctypes.get_last_error(),'CreateNamedPipe')
                                                       ^^^^^^^^^^^^^^^^^^^^^^^^^^^^^^^^^^^^^^^^^^^^^^^^^^^^^^^^
OSError: [Errno 231] CreateNamedPipe
[STAFF] 2026-10-01 00:16:16,631 [WARNING] STAFF pipe reconnect: [Errno 231] CreateNamedPipe
Traceback (most recent call last):
  File "program\event_pipe_host.py", line 101, in _run
    if not handle or handle==ctypes.c_void_p(-1).value:raise OSError(ctypes.get_last_error(),'CreateNamedPipe')
                                                       ^^^^^^^^^^^^^^^^^^^^^^^^^^^^^^^^^^^^^^^^^^^^^^^^^^^^^^^^
OSError: [Errno 231] CreateNamedPipe
[STAFF] 2026-10-01 00:16:16,832 [WARNING] STAFF pipe reconnect: [Errno 231] CreateNamedPipe
Traceback (most recent call last):
  File "program\event_pipe_host.py", line 101, in _run
    if not handle or handle==ctypes.c_void_p(-1).value:raise OSError(ctypes.get_last_error(),'CreateNamedPipe')
                                                       ^^^^^^^^^^^^^^^^^^^^^^^^^^^^^^^^^^^^^^^^^^^^^^^^^^^^^^^^
OSError: [Errno 231] CreateNamedPipe
[STAFF] 2026-10-01 00:16:17,032 [WARNING] STAFF pipe reconnect: [Errno 231] CreateNamedPipe
Traceback (most recent call last):
  File "program\event_pipe_host.py", line 101, in _run
    if not handle or handle==ctypes.c_void_p(-1).value:raise OSError(ctypes.get_last_error(),'CreateNamedPipe')
                                                       ^^^^^^^^^^^^^^^^^^^^^^^^^^^^^^^^^^^^^^^^^^^^^^^^^^^^^^^^
OSError: [Errno 231] CreateNamedPipe
[STAFF] 2026-10-01 00:16:17,232 [WARNING] STAFF pipe reconnect: [Errno 231] CreateNamedPipe
Traceback (most recent call last):
  File "program\event_pipe_host.py", line 101, in _run
    if not handle or handle==ctypes.c_void_p(-1).value:raise OSError(ctypes.get_last_error(),'CreateNamedPipe')
                                                       ^^^^^^^^^^^^^^^^^^^^^^^^^^^^^^^^^^^^^^^^^^^^^^^^^^^^^^^^
OSError: [Errno 231] CreateNamedPipe
[STAFF] 2026-10-01 00:16:17,433 [WARNING] STAFF pipe reconnect: [Errno 231] CreateNamedPipe
Traceback (most recent call last):
  File "program\event_pipe_host.py", line 101, in _run
    if not handle or handle==ctypes.c_void_p(-1).value:raise OSError(ctypes.get_last_error(),'CreateNamedPipe')
                                                       ^^^^^^^^^^^^^^^^^^^^^^^^^^^^^^^^^^^^^^^^^^^^^^^^^^^^^^^^
OSError: [Errno 231] CreateNamedPipe
[STAFF] 2026-10-01 00:16:17,633 [WARNING] STAFF pipe reconnect: [Errno 231] CreateNamedPipe
Traceback (most recent call last):
  File "program\event_pipe_host.py", line 101, in _run
    if not handle or handle==ctypes.c_void_p(-1).value:raise OSError(ctypes.get_last_error(),'CreateNamedPipe')
                                                       ^^^^^^^^^^^^^^^^^^^^^^^^^^^^^^^^^^^^^^^^^^^^^^^^^^^^^^^^
OSError: [Errno 231] CreateNamedPipe
[STAFF] 2026-10-01 00:16:17,834 [WARNING] STAFF pipe reconnect: [Errno 231] CreateNamedPipe
Traceback (most recent call last):
  File "program\event_pipe_host.py", line 101, in _run
    if not handle or handle==ctypes.c_void_p(-1).value:raise OSError(ctypes.get_last_error(),'CreateNamedPipe')
                                                       ^^^^^^^^^^^^^^^^^^^^^^^^^^^^^^^^^^^^^^^^^^^^^^^^^^^^^^^^
OSError: [Errno 231] CreateNamedPipe
[STAFF] 2026-10-01 00:16:18,035 [WARNING] STAFF pipe reconnect: [Errno 231] CreateNamedPipe
Traceback (most recent call last):
  File "program\event_pipe_host.py", line 101, in _run
    if not handle or handle==ctypes.c_void_p(-1).value:raise OSError(ctypes.get_last_error(),'CreateNamedPipe')
                                                       ^^^^^^^^^^^^^^^^^^^^^^^^^^^^^^^^^^^^^^^^^^^^^^^^^^^^^^^^
OSError: [Errno 231] CreateNamedPipe
[STAFF] 2026-10-01 00:16:18,235 [WARNING] STAFF pipe reconnect: [Errno 231] CreateNamedPipe
Traceback (most recent call last):
  File "program\event_pipe_host.py", line 101, in _run
    if not handle or handle==ctypes.c_void_p(-1).value:raise OSError(ctypes.get_last_error(),'CreateNamedPipe')
                                                       ^^^^^^^^^^^^^^^^^^^^^^^^^^^^^^^^^^^^^^^^^^^^^^^^^^^^^^^^
OSError: [Errno 231] CreateNamedPipe
[STAFF] 2026-10-01 00:16:18,437 [WARNING] STAFF pipe reconnect: [Errno 231] CreateNamedPipe
Traceback (most recent call last):
  File "program\event_pipe_host.py", line 101, in _run
    if not handle or handle==ctypes.c_void_p(-1).value:raise OSError(ctypes.get_last_error(),'CreateNamedPipe')
                                                       ^^^^^^^^^^^^^^^^^^^^^^^^^^^^^^^^^^^^^^^^^^^^^^^^^^^^^^^^
OSError: [Errno 231] CreateNamedPipe
[STAFF] 2026-10-01 00:16:18,637 [WARNING] STAFF pipe reconnect: [Errno 231] CreateNamedPipe
Traceback (most recent call last):
  File "program\event_pipe_host.py", line 101, in _run
    if not handle or handle==ctypes.c_void_p(-1).value:raise OSError(ctypes.get_last_error(),'CreateNamedPipe')
                                                       ^^^^^^^^^^^^^^^^^^^^^^^^^^^^^^^^^^^^^^^^^^^^^^^^^^^^^^^^
OSError: [Errno 231] CreateNamedPipe
[STAFF] 2026-10-01 00:16:18,838 [WARNING] STAFF pipe reconnect: [Errno 231] CreateNamedPipe
Traceback (most recent call last):
  File "program\event_pipe_host.py", line 101, in _run
    if not handle or handle==ctypes.c_void_p(-1).value:raise OSError(ctypes.get_last_error(),'CreateNamedPipe')
                                                       ^^^^^^^^^^^^^^^^^^^^^^^^^^^^^^^^^^^^^^^^^^^^^^^^^^^^^^^^
OSError: [Errno 231] CreateNamedPipe
[STAFF] 2026-10-01 00:16:19,038 [WARNING] STAFF pipe reconnect: [Errno 231] CreateNamedPipe
Traceback (most recent call last):
  File "program\event_pipe_host.py", line 101, in _run
    if not handle or handle==ctypes.c_void_p(-1).value:raise OSError(ctypes.get_last_error(),'CreateNamedPipe')
                                                       ^^^^^^^^^^^^^^^^^^^^^^^^^^^^^^^^^^^^^^^^^^^^^^^^^^^^^^^^
OSError: [Errno 231] CreateNamedPipe
[STAFF] 2026-10-01 00:16:19,240 [WARNING] STAFF pipe reconnect: [Errno 231] CreateNamedPipe
Traceback (most recent call last):
  File "program\event_pipe_host.py", line 101, in _run
    if not handle or handle==ctypes.c_void_p(-1).value:raise OSError(ctypes.get_last_error(),'CreateNamedPipe')
                                                       ^^^^^^^^^^^^^^^^^^^^^^^^^^^^^^^^^^^^^^^^^^^^^^^^^^^^^^^^
OSError: [Errno 231] CreateNamedPipe
[STAFF] 2026-10-01 00:16:19,440 [WARNING] STAFF pipe reconnect: [Errno 231] CreateNamedPipe
Traceback (most recent call last):
  File "program\event_pipe_host.py", line 101, in _run
    if not handle or handle==ctypes.c_void_p(-1).value:raise OSError(ctypes.get_last_error(),'CreateNamedPipe')
                                                       ^^^^^^^^^^^^^^^^^^^^^^^^^^^^^^^^^^^^^^^^^^^^^^^^^^^^^^^^
OSError: [Errno 231] CreateNamedPipe
[STAFF] 2026-10-01 00:16:19,641 [WARNING] STAFF pipe reconnect: [Errno 231] CreateNamedPipe
Traceback (most recent call last):
  File "program\event_pipe_host.py", line 101, in _run
    if not handle or handle==ctypes.c_void_p(-1).value:raise OSError(ctypes.get_last_error(),'CreateNamedPipe')
                                                       ^^^^^^^^^^^^^^^^^^^^^^^^^^^^^^^^^^^^^^^^^^^^^^^^^^^^^^^^
OSError: [Errno 231] CreateNamedPipe
[STAFF] 2026-10-01 00:16:19,841 [WARNING] STAFF pipe reconnect: [Errno 231] CreateNamedPipe
Traceback (most recent call last):
  File "program\event_pipe_host.py", line 101, in _run
    if not handle or handle==ctypes.c_void_p(-1).value:raise OSError(ctypes.get_last_error(),'CreateNamedPipe')
                                                       ^^^^^^^^^^^^^^^^^^^^^^^^^^^^^^^^^^^^^^^^^^^^^^^^^^^^^^^^
OSError: [Errno 231] CreateNamedPipe
[STAFF] 2026-10-01 00:16:20,042 [WARNING] STAFF pipe reconnect: [Errno 231] CreateNamedPipe
Traceback (most recent call last):
  File "program\event_pipe_host.py", line 101, in _run
    if not handle or handle==ctypes.c_void_p(-1).value:raise OSError(ctypes.get_last_error(),'CreateNamedPipe')
                                                       ^^^^^^^^^^^^^^^^^^^^^^^^^^^^^^^^^^^^^^^^^^^^^^^^^^^^^^^^
OSError: [Errno 231] CreateNamedPipe
[STAFF] 2026-10-01 00:16:20,243 [WARNING] STAFF pipe reconnect: [Errno 231] CreateNamedPipe
Traceback (most recent call last):
  File "program\event_pipe_host.py", line 101, in _run
    if not handle or handle==ctypes.c_void_p(-1).value:raise OSError(ctypes.get_last_error(),'CreateNamedPipe')
                                                       ^^^^^^^^^^^^^^^^^^^^^^^^^^^^^^^^^^^^^^^^^^^^^^^^^^^^^^^^
OSError: [Errno 231] CreateNamedPipe
[STAFF] 2026-10-01 00:16:20,444 [WARNING] STAFF pipe reconnect: [Errno 231] CreateNamedPipe
Traceback (most recent call last):
  File "program\event_pipe_host.py", line 101, in _run
    if not handle or handle==ctypes.c_void_p(-1).value:raise OSError(ctypes.get_last_error(),'CreateNamedPipe')
                                                       ^^^^^^^^^^^^^^^^^^^^^^^^^^^^^^^^^^^^^^^^^^^^^^^^^^^^^^^^
OSError: [Errno 231] CreateNamedPipe
[STAFF] 2026-10-01 00:16:20,645 [WARNING] STAFF pipe reconnect: [Errno 231] CreateNamedPipe
Traceback (most recent call last):
  File "program\event_pipe_host.py", line 101, in _run
    if not handle or handle==ctypes.c_void_p(-1).value:raise OSError(ctypes.get_last_error(),'CreateNamedPipe')
                                                       ^^^^^^^^^^^^^^^^^^^^^^^^^^^^^^^^^^^^^^^^^^^^^^^^^^^^^^^^
OSError: [Errno 231] CreateNamedPipe
[STAFF] 2026-10-01 00:16:20,846 [WARNING] STAFF pipe reconnect: [Errno 231] CreateNamedPipe
Traceback (most recent call last):
  File "program\event_pipe_host.py", line 101, in _run
    if not handle or handle==ctypes.c_void_p(-1).value:raise OSError(ctypes.get_last_error(),'CreateNamedPipe')
                                                       ^^^^^^^^^^^^^^^^^^^^^^^^^^^^^^^^^^^^^^^^^^^^^^^^^^^^^^^^
OSError: [Errno 231] CreateNamedPipe
[STAFF] 2026-10-01 00:16:21,047 [WARNING] STAFF pipe reconnect: [Errno 231] CreateNamedPipe
Traceback (most recent call last):
  File "program\event_pipe_host.py", line 101, in _run
    if not handle or handle==ctypes.c_void_p(-1).value:raise OSError(ctypes.get_last_error(),'CreateNamedPipe')
                                                       ^^^^^^^^^^^^^^^^^^^^^^^^^^^^^^^^^^^^^^^^^^^^^^^^^^^^^^^^
OSError: [Errno 231] CreateNamedPipe
[STAFF] 2026-10-01 00:16:21,247 [WARNING] STAFF pipe reconnect: [Errno 231] CreateNamedPipe
Traceback (most recent call last):
  File "program\event_pipe_host.py", line 101, in _run
    if not handle or handle==ctypes.c_void_p(-1).value:raise OSError(ctypes.get_last_error(),'CreateNamedPipe')
                                                       ^^^^^^^^^^^^^^^^^^^^^^^^^^^^^^^^^^^^^^^^^^^^^^^^^^^^^^^^
OSError: [Errno 231] CreateNamedPipe
[STAFF] 2026-10-01 00:16:21,448 [WARNING] STAFF pipe reconnect: [Errno 231] CreateNamedPipe
Traceback (most recent call last):
  File "program\event_pipe_host.py", line 101, in _run
    if not handle or handle==ctypes.c_void_p(-1).value:raise OSError(ctypes.get_last_error(),'CreateNamedPipe')
                                                       ^^^^^^^^^^^^^^^^^^^^^^^^^^^^^^^^^^^^^^^^^^^^^^^^^^^^^^^^
OSError: [Errno 231] CreateNamedPipe
[STAFF] 2026-10-01 00:16:21,648 [WARNING] STAFF pipe reconnect: [Errno 231] CreateNamedPipe
Traceback (most recent call last):
  File "program\event_pipe_host.py", line 101, in _run
    if not handle or handle==ctypes.c_void_p(-1).value:raise OSError(ctypes.get_last_error(),'CreateNamedPipe')
                                                       ^^^^^^^^^^^^^^^^^^^^^^^^^^^^^^^^^^^^^^^^^^^^^^^^^^^^^^^^
OSError: [Errno 231] CreateNamedPipe
[STAFF] 2026-10-01 00:16:21,848 [WARNING] STAFF pipe reconnect: [Errno 231] CreateNamedPipe
Traceback (most recent call last):
  File "program\event_pipe_host.py", line 101, in _run
    if not handle or handle==ctypes.c_void_p(-1).value:raise OSError(ctypes.get_last_error(),'CreateNamedPipe')
                                                       ^^^^^^^^^^^^^^^^^^^^^^^^^^^^^^^^^^^^^^^^^^^^^^^^^^^^^^^^
OSError: [Errno 231] CreateNamedPipe
[STAFF] 2026-10-01 00:16:22,049 [WARNING] STAFF pipe reconnect: [Errno 231] CreateNamedPipe
Traceback (most recent call last):
  File "program\event_pipe_host.py", line 101, in _run
    if not handle or handle==ctypes.c_void_p(-1).value:raise OSError(ctypes.get_last_error(),'CreateNamedPipe')
                                                       ^^^^^^^^^^^^^^^^^^^^^^^^^^^^^^^^^^^^^^^^^^^^^^^^^^^^^^^^
OSError: [Errno 231] CreateNamedPipe
[STAFF] 2026-10-01 00:16:22,249 [WARNING] STAFF pipe reconnect: [Errno 231] CreateNamedPipe
Traceback (most recent call last):
  File "program\event_pipe_host.py", line 101, in _run
    if not handle or handle==ctypes.c_void_p(-1).value:raise OSError(ctypes.get_last_error(),'CreateNamedPipe')
                                                       ^^^^^^^^^^^^^^^^^^^^^^^^^^^^^^^^^^^^^^^^^^^^^^^^^^^^^^^^
OSError: [Errno 231] CreateNamedPipe
[STAFF] 2026-10-01 00:16:22,450 [WARNING] STAFF pipe reconnect: [Errno 231] CreateNamedPipe
Traceback (most recent call last):
  File "program\event_pipe_host.py", line 101, in _run
    if not handle or handle==ctypes.c_void_p(-1).value:raise OSError(ctypes.get_last_error(),'CreateNamedPipe')
                                                       ^^^^^^^^^^^^^^^^^^^^^^^^^^^^^^^^^^^^^^^^^^^^^^^^^^^^^^^^
OSError: [Errno 231] CreateNamedPipe
[STAFF] 2026-10-01 00:16:22,650 [WARNING] STAFF pipe reconnect: [Errno 231] CreateNamedPipe
Traceback (most recent call last):
  File "program\event_pipe_host.py", line 101, in _run
    if not handle or handle==ctypes.c_void_p(-1).value:raise OSError(ctypes.get_last_error(),'CreateNamedPipe')
                                                       ^^^^^^^^^^^^^^^^^^^^^^^^^^^^^^^^^^^^^^^^^^^^^^^^^^^^^^^^
OSError: [Errno 231] CreateNamedPipe
[STAFF] 2026-10-01 00:16:22,851 [WARNING] STAFF pipe reconnect: [Errno 231] CreateNamedPipe
Traceback (most recent call last):
  File "program\event_pipe_host.py", line 101, in _run
    if not handle or handle==ctypes.c_void_p(-1).value:raise OSError(ctypes.get_last_error(),'CreateNamedPipe')
                                                       ^^^^^^^^^^^^^^^^^^^^^^^^^^^^^^^^^^^^^^^^^^^^^^^^^^^^^^^^
OSError: [Errno 231] CreateNamedPipe
[STAFF] 2026-10-01 00:16:23,052 [WARNING] STAFF pipe reconnect: [Errno 231] CreateNamedPipe
Traceback (most recent call last):
  File "program\event_pipe_host.py", line 101, in _run
    if not handle or handle==ctypes.c_void_p(-1).value:raise OSError(ctypes.get_last_error(),'CreateNamedPipe')
                                                       ^^^^^^^^^^^^^^^^^^^^^^^^^^^^^^^^^^^^^^^^^^^^^^^^^^^^^^^^
OSError: [Errno 231] CreateNamedPipe
[STAFF] 2026-10-01 00:16:23,253 [WARNING] STAFF pipe reconnect: [Errno 231] CreateNamedPipe
Traceback (most recent call last):
  File "program\event_pipe_host.py", line 101, in _run
    if not handle or handle==ctypes.c_void_p(-1).value:raise OSError(ctypes.get_last_error(),'CreateNamedPipe')
                                                       ^^^^^^^^^^^^^^^^^^^^^^^^^^^^^^^^^^^^^^^^^^^^^^^^^^^^^^^^
OSError: [Errno 231] CreateNamedPipe
[STAFF] 2026-10-01 00:16:23,453 [WARNING] STAFF pipe reconnect: [Errno 231] CreateNamedPipe
Traceback (most recent call last):
  File "program\event_pipe_host.py", line 101, in _run
    if not handle or handle==ctypes.c_void_p(-1).value:raise OSError(ctypes.get_last_error(),'CreateNamedPipe')
                                                       ^^^^^^^^^^^^^^^^^^^^^^^^^^^^^^^^^^^^^^^^^^^^^^^^^^^^^^^^
OSError: [Errno 231] CreateNamedPipe
[STAFF] 2026-10-01 00:16:23,654 [WARNING] STAFF pipe reconnect: [Errno 231] CreateNamedPipe
Traceback (most recent call last):
  File "program\event_pipe_host.py", line 101, in _run
    if not handle or handle==ctypes.c_void_p(-1).value:raise OSError(ctypes.get_last_error(),'CreateNamedPipe')
                                                       ^^^^^^^^^^^^^^^^^^^^^^^^^^^^^^^^^^^^^^^^^^^^^^^^^^^^^^^^
OSError: [Errno 231] CreateNamedPipe
[STAFF] 2026-10-01 00:16:23,855 [WARNING] STAFF pipe reconnect: [Errno 231] CreateNamedPipe
Traceback (most recent call last):
  File "program\event_pipe_host.py", line 101, in _run
    if not handle or handle==ctypes.c_void_p(-1).value:raise OSError(ctypes.get_last_error(),'CreateNamedPipe')
                                                       ^^^^^^^^^^^^^^^^^^^^^^^^^^^^^^^^^^^^^^^^^^^^^^^^^^^^^^^^
OSError: [Errno 231] CreateNamedPipe
[STAFF] 2026-10-01 00:16:24,055 [WARNING] STAFF pipe reconnect: [Errno 231] CreateNamedPipe
Traceback (most recent call last):
  File "program\event_pipe_host.py", line 101, in _run
    if not handle or handle==ctypes.c_void_p(-1).value:raise OSError(ctypes.get_last_error(),'CreateNamedPipe')
                                                       ^^^^^^^^^^^^^^^^^^^^^^^^^^^^^^^^^^^^^^^^^^^^^^^^^^^^^^^^
OSError: [Errno 231] CreateNamedPipe
[STAFF] 2026-10-01 00:16:24,255 [WARNING] STAFF pipe reconnect: [Errno 231] CreateNamedPipe
Traceback (most recent call last):
  File "program\event_pipe_host.py", line 101, in _run
    if not handle or handle==ctypes.c_void_p(-1).value:raise OSError(ctypes.get_last_error(),'CreateNamedPipe')
                                                       ^^^^^^^^^^^^^^^^^^^^^^^^^^^^^^^^^^^^^^^^^^^^^^^^^^^^^^^^
OSError: [Errno 231] CreateNamedPipe
[STAFF] 2026-10-01 00:16:24,456 [WARNING] STAFF pipe reconnect: [Errno 231] CreateNamedPipe
Traceback (most recent call last):
  File "program\event_pipe_host.py", line 101, in _run
    if not handle or handle==ctypes.c_void_p(-1).value:raise OSError(ctypes.get_last_error(),'CreateNamedPipe')
                                                       ^^^^^^^^^^^^^^^^^^^^^^^^^^^^^^^^^^^^^^^^^^^^^^^^^^^^^^^^
OSError: [Errno 231] CreateNamedPipe
[STAFF] 2026-10-01 00:16:24,657 [WARNING] STAFF pipe reconnect: [Errno 231] CreateNamedPipe
Traceback (most recent call last):
  File "program\event_pipe_host.py", line 101, in _run
    if not handle or handle==ctypes.c_void_p(-1).value:raise OSError(ctypes.get_last_error(),'CreateNamedPipe')
                                                       ^^^^^^^^^^^^^^^^^^^^^^^^^^^^^^^^^^^^^^^^^^^^^^^^^^^^^^^^
OSError: [Errno 231] CreateNamedPipe
[STAFF] 2026-10-01 00:16:24,858 [WARNING] STAFF pipe reconnect: [Errno 231] CreateNamedPipe
Traceback (most recent call last):
  File "program\event_pipe_host.py", line 101, in _run
    if not handle or handle==ctypes.c_void_p(-1).value:raise OSError(ctypes.get_last_error(),'CreateNamedPipe')
                                                       ^^^^^^^^^^^^^^^^^^^^^^^^^^^^^^^^^^^^^^^^^^^^^^^^^^^^^^^^
OSError: [Errno 231] CreateNamedPipe
[STAFF] 2026-10-01 00:16:25,058 [WARNING] STAFF pipe reconnect: [Errno 231] CreateNamedPipe
Traceback (most recent call last):
  File "program\event_pipe_host.py", line 101, in _run
    if not handle or handle==ctypes.c_void_p(-1).value:raise OSError(ctypes.get_last_error(),'CreateNamedPipe')
                                                       ^^^^^^^^^^^^^^^^^^^^^^^^^^^^^^^^^^^^^^^^^^^^^^^^^^^^^^^^
OSError: [Errno 231] CreateNamedPipe
[STAFF] 2026-10-01 00:16:25,261 [WARNING] STAFF pipe reconnect: [Errno 231] CreateNamedPipe
Traceback (most recent call last):
  File "program\event_pipe_host.py", line 101, in _run
    if not handle or handle==ctypes.c_void_p(-1).value:raise OSError(ctypes.get_last_error(),'CreateNamedPipe')
                                                       ^^^^^^^^^^^^^^^^^^^^^^^^^^^^^^^^^^^^^^^^^^^^^^^^^^^^^^^^
OSError: [Errno 231] CreateNamedPipe
[STAFF] 2026-10-01 00:16:25,461 [WARNING] STAFF pipe reconnect: [Errno 231] CreateNamedPipe
Traceback (most recent call last):
  File "program\event_pipe_host.py", line 101, in _run
    if not handle or handle==ctypes.c_void_p(-1).value:raise OSError(ctypes.get_last_error(),'CreateNamedPipe')
                                                       ^^^^^^^^^^^^^^^^^^^^^^^^^^^^^^^^^^^^^^^^^^^^^^^^^^^^^^^^
OSError: [Errno 231] CreateNamedPipe
[STAFF] 2026-10-01 00:16:25,663 [WARNING] STAFF pipe reconnect: [Errno 231] CreateNamedPipe
Traceback (most recent call last):
  File "program\event_pipe_host.py", line 101, in _run
    if not handle or handle==ctypes.c_void_p(-1).value:raise OSError(ctypes.get_last_error(),'CreateNamedPipe')
                                                       ^^^^^^^^^^^^^^^^^^^^^^^^^^^^^^^^^^^^^^^^^^^^^^^^^^^^^^^^
OSError: [Errno 231] CreateNamedPipe
[STAFF] 2026-10-01 00:16:25,864 [WARNING] STAFF pipe reconnect: [Errno 231] CreateNamedPipe
Traceback (most recent call last):
  File "program\event_pipe_host.py", line 101, in _run
    if not handle or handle==ctypes.c_void_p(-1).value:raise OSError(ctypes.get_last_error(),'CreateNamedPipe')
                                                       ^^^^^^^^^^^^^^^^^^^^^^^^^^^^^^^^^^^^^^^^^^^^^^^^^^^^^^^^
OSError: [Errno 231] CreateNamedPipe
[STAFF] 2026-10-01 00:16:26,064 [WARNING] STAFF pipe reconnect: [Errno 231] CreateNamedPipe
Traceback (most recent call last):
  File "program\event_pipe_host.py", line 101, in _run
    if not handle or handle==ctypes.c_void_p(-1).value:raise OSError(ctypes.get_last_error(),'CreateNamedPipe')
                                                       ^^^^^^^^^^^^^^^^^^^^^^^^^^^^^^^^^^^^^^^^^^^^^^^^^^^^^^^^
OSError: [Errno 231] CreateNamedPipe
[STAFF] 2026-10-01 00:16:26,266 [WARNING] STAFF pipe reconnect: [Errno 231] CreateNamedPipe
Traceback (most recent call last):
  File "program\event_pipe_host.py", line 101, in _run
    if not handle or handle==ctypes.c_void_p(-1).value:raise OSError(ctypes.get_last_error(),'CreateNamedPipe')
                                                       ^^^^^^^^^^^^^^^^^^^^^^^^^^^^^^^^^^^^^^^^^^^^^^^^^^^^^^^^
OSError: [Errno 231] CreateNamedPipe
[STAFF] 2026-10-01 00:16:26,467 [WARNING] STAFF pipe reconnect: [Errno 231] CreateNamedPipe
Traceback (most recent call last):
  File "program\event_pipe_host.py", line 101, in _run
    if not handle or handle==ctypes.c_void_p(-1).value:raise OSError(ctypes.get_last_error(),'CreateNamedPipe')
                                                       ^^^^^^^^^^^^^^^^^^^^^^^^^^^^^^^^^^^^^^^^^^^^^^^^^^^^^^^^
OSError: [Errno 231] CreateNamedPipe
[STAFF] 2026-10-01 00:16:26,667 [WARNING] STAFF pipe reconnect: [Errno 231] CreateNamedPipe
Traceback (most recent call last):
  File "program\event_pipe_host.py", line 101, in _run
    if not handle or handle==ctypes.c_void_p(-1).value:raise OSError(ctypes.get_last_error(),'CreateNamedPipe')
                                                       ^^^^^^^^^^^^^^^^^^^^^^^^^^^^^^^^^^^^^^^^^^^^^^^^^^^^^^^^
OSError: [Errno 231] CreateNamedPipe
[STAFF] 2026-10-01 00:16:26,868 [WARNING] STAFF pipe reconnect: [Errno 231] CreateNamedPipe
Traceback (most recent call last):
  File "program\event_pipe_host.py", line 101, in _run
    if not handle or handle==ctypes.c_void_p(-1).value:raise OSError(ctypes.get_last_error(),'CreateNamedPipe')
                                                       ^^^^^^^^^^^^^^^^^^^^^^^^^^^^^^^^^^^^^^^^^^^^^^^^^^^^^^^^
OSError: [Errno 231] CreateNamedPipe
[STAFF] 2026-10-01 00:16:27,068 [WARNING] STAFF pipe reconnect: [Errno 231] CreateNamedPipe
Traceback (most recent call last):
  File "program\event_pipe_host.py", line 101, in _run
    if not handle or handle==ctypes.c_void_p(-1).value:raise OSError(ctypes.get_last_error(),'CreateNamedPipe')
                                                       ^^^^^^^^^^^^^^^^^^^^^^^^^^^^^^^^^^^^^^^^^^^^^^^^^^^^^^^^
OSError: [Errno 231] CreateNamedPipe
[STAFF] 2026-10-01 00:16:27,269 [WARNING] STAFF pipe reconnect: [Errno 231] CreateNamedPipe
Traceback (most recent call last):
  File "program\event_pipe_host.py", line 101, in _run
    if not handle or handle==ctypes.c_void_p(-1).value:raise OSError(ctypes.get_last_error(),'CreateNamedPipe')
                                                       ^^^^^^^^^^^^^^^^^^^^^^^^^^^^^^^^^^^^^^^^^^^^^^^^^^^^^^^^
OSError: [Errno 231] CreateNamedPipe
[STAFF] 2026-10-01 00:16:27,470 [WARNING] STAFF pipe reconnect: [Errno 231] CreateNamedPipe
Traceback (most recent call last):
  File "program\event_pipe_host.py", line 101, in _run
    if not handle or handle==ctypes.c_void_p(-1).value:raise OSError(ctypes.get_last_error(),'CreateNamedPipe')
                                                       ^^^^^^^^^^^^^^^^^^^^^^^^^^^^^^^^^^^^^^^^^^^^^^^^^^^^^^^^
OSError: [Errno 231] CreateNamedPipe
[STAFF] 2026-10-01 00:16:27,670 [WARNING] STAFF pipe reconnect: [Errno 231] CreateNamedPipe
Traceback (most recent call last):
  File "program\event_pipe_host.py", line 101, in _run
    if not handle or handle==ctypes.c_void_p(-1).value:raise OSError(ctypes.get_last_error(),'CreateNamedPipe')
                                                       ^^^^^^^^^^^^^^^^^^^^^^^^^^^^^^^^^^^^^^^^^^^^^^^^^^^^^^^^
OSError: [Errno 231] CreateNamedPipe
[STAFF] 2026-10-01 00:16:27,871 [WARNING] STAFF pipe reconnect: [Errno 231] CreateNamedPipe
Traceback (most recent call last):
  File "program\event_pipe_host.py", line 101, in _run
    if not handle or handle==ctypes.c_void_p(-1).value:raise OSError(ctypes.get_last_error(),'CreateNamedPipe')
                                                       ^^^^^^^^^^^^^^^^^^^^^^^^^^^^^^^^^^^^^^^^^^^^^^^^^^^^^^^^
OSError: [Errno 231] CreateNamedPipe
[STAFF] 2026-10-01 00:16:28,072 [WARNING] STAFF pipe reconnect: [Errno 231] CreateNamedPipe
Traceback (most recent call last):
  File "program\event_pipe_host.py", line 101, in _run
    if not handle or handle==ctypes.c_void_p(-1).value:raise OSError(ctypes.get_last_error(),'CreateNamedPipe')
                                                       ^^^^^^^^^^^^^^^^^^^^^^^^^^^^^^^^^^^^^^^^^^^^^^^^^^^^^^^^
OSError: [Errno 231] CreateNamedPipe
[STAFF] 2026-10-01 00:16:28,273 [WARNING] STAFF pipe reconnect: [Errno 231] CreateNamedPipe
Traceback (most recent call last):
  File "program\event_pipe_host.py", line 101, in _run
    if not handle or handle==ctypes.c_void_p(-1).value:raise OSError(ctypes.get_last_error(),'CreateNamedPipe')
                                                       ^^^^^^^^^^^^^^^^^^^^^^^^^^^^^^^^^^^^^^^^^^^^^^^^^^^^^^^^
OSError: [Errno 231] CreateNamedPipe
[STAFF] 2026-10-01 00:16:28,474 [WARNING] STAFF pipe reconnect: [Errno 231] CreateNamedPipe
Traceback (most recent call last):
  File "program\event_pipe_host.py", line 101, in _run
    if not handle or handle==ctypes.c_void_p(-1).value:raise OSError(ctypes.get_last_error(),'CreateNamedPipe')
                                                       ^^^^^^^^^^^^^^^^^^^^^^^^^^^^^^^^^^^^^^^^^^^^^^^^^^^^^^^^
OSError: [Errno 231] CreateNamedPipe
[STAFF] 2026-10-01 00:16:28,675 [WARNING] STAFF pipe reconnect: [Errno 231] CreateNamedPipe
Traceback (most recent call last):
  File "program\event_pipe_host.py", line 101, in _run
    if not handle or handle==ctypes.c_void_p(-1).value:raise OSError(ctypes.get_last_error(),'CreateNamedPipe')
                                                       ^^^^^^^^^^^^^^^^^^^^^^^^^^^^^^^^^^^^^^^^^^^^^^^^^^^^^^^^
OSError: [Errno 231] CreateNamedPipe
[STAFF] 2026-10-01 00:16:28,876 [WARNING] STAFF pipe reconnect: [Errno 231] CreateNamedPipe
Traceback (most recent call last):
  File "program\event_pipe_host.py", line 101, in _run
    if not handle or handle==ctypes.c_void_p(-1).value:raise OSError(ctypes.get_last_error(),'CreateNamedPipe')
                                                       ^^^^^^^^^^^^^^^^^^^^^^^^^^^^^^^^^^^^^^^^^^^^^^^^^^^^^^^^
OSError: [Errno 231] CreateNamedPipe
[STAFF] 2026-10-01 00:16:29,077 [WARNING] STAFF pipe reconnect: [Errno 231] CreateNamedPipe
Traceback (most recent call last):
  File "program\event_pipe_host.py", line 101, in _run
    if not handle or handle==ctypes.c_void_p(-1).value:raise OSError(ctypes.get_last_error(),'CreateNamedPipe')
                                                       ^^^^^^^^^^^^^^^^^^^^^^^^^^^^^^^^^^^^^^^^^^^^^^^^^^^^^^^^
OSError: [Errno 231] CreateNamedPipe
[STAFF] 2026-10-01 00:16:29,278 [WARNING] STAFF pipe reconnect: [Errno 231] CreateNamedPipe
Traceback (most recent call last):
  File "program\event_pipe_host.py", line 101, in _run
    if not handle or handle==ctypes.c_void_p(-1).value:raise OSError(ctypes.get_last_error(),'CreateNamedPipe')
                                                       ^^^^^^^^^^^^^^^^^^^^^^^^^^^^^^^^^^^^^^^^^^^^^^^^^^^^^^^^
OSError: [Errno 231] CreateNamedPipe
[STAFF] 2026-10-01 00:16:29,478 [WARNING] STAFF pipe reconnect: [Errno 231] CreateNamedPipe
Traceback (most recent call last):
  File "program\event_pipe_host.py", line 101, in _run
    if not handle or handle==ctypes.c_void_p(-1).value:raise OSError(ctypes.get_last_error(),'CreateNamedPipe')
                                                       ^^^^^^^^^^^^^^^^^^^^^^^^^^^^^^^^^^^^^^^^^^^^^^^^^^^^^^^^
OSError: [Errno 231] CreateNamedPipe
[STAFF] 2026-10-01 00:16:29,679 [WARNING] STAFF pipe reconnect: [Errno 231] CreateNamedPipe
Traceback (most recent call last):
  File "program\event_pipe_host.py", line 101, in _run
    if not handle or handle==ctypes.c_void_p(-1).value:raise OSError(ctypes.get_last_error(),'CreateNamedPipe')
                                                       ^^^^^^^^^^^^^^^^^^^^^^^^^^^^^^^^^^^^^^^^^^^^^^^^^^^^^^^^
OSError: [Errno 231] CreateNamedPipe
[STAFF] 2026-10-01 00:16:29,880 [WARNING] STAFF pipe reconnect: [Errno 231] CreateNamedPipe
Traceback (most recent call last):
  File "program\event_pipe_host.py", line 101, in _run
    if not handle or handle==ctypes.c_void_p(-1).value:raise OSError(ctypes.get_last_error(),'CreateNamedPipe')
                                                       ^^^^^^^^^^^^^^^^^^^^^^^^^^^^^^^^^^^^^^^^^^^^^^^^^^^^^^^^
OSError: [Errno 231] CreateNamedPipe
[STAFF] 2026-10-01 00:16:30,081 [WARNING] STAFF pipe reconnect: [Errno 231] CreateNamedPipe
Traceback (most recent call last):
  File "program\event_pipe_host.py", line 101, in _run
    if not handle or handle==ctypes.c_void_p(-1).value:raise OSError(ctypes.get_last_error(),'CreateNamedPipe')
                                                       ^^^^^^^^^^^^^^^^^^^^^^^^^^^^^^^^^^^^^^^^^^^^^^^^^^^^^^^^
OSError: [Errno 231] CreateNamedPipe
[STAFF] 2026-10-01 00:16:30,282 [WARNING] STAFF pipe reconnect: [Errno 231] CreateNamedPipe
Traceback (most recent call last):
  File "program\event_pipe_host.py", line 101, in _run
    if not handle or handle==ctypes.c_void_p(-1).value:raise OSError(ctypes.get_last_error(),'CreateNamedPipe')
                                                       ^^^^^^^^^^^^^^^^^^^^^^^^^^^^^^^^^^^^^^^^^^^^^^^^^^^^^^^^
OSError: [Errno 231] CreateNamedPipe
[STAFF] 2026-10-01 00:16:30,483 [WARNING] STAFF pipe reconnect: [Errno 231] CreateNamedPipe
Traceback (most recent call last):
  File "program\event_pipe_host.py", line 101, in _run
    if not handle or handle==ctypes.c_void_p(-1).value:raise OSError(ctypes.get_last_error(),'CreateNamedPipe')
                                                       ^^^^^^^^^^^^^^^^^^^^^^^^^^^^^^^^^^^^^^^^^^^^^^^^^^^^^^^^
OSError: [Errno 231] CreateNamedPipe
[STAFF] 2026-10-01 00:16:30,684 [WARNING] STAFF pipe reconnect: [Errno 231] CreateNamedPipe
Traceback (most recent call last):
  File "program\event_pipe_host.py", line 101, in _run
    if not handle or handle==ctypes.c_void_p(-1).value:raise OSError(ctypes.get_last_error(),'CreateNamedPipe')
                                                       ^^^^^^^^^^^^^^^^^^^^^^^^^^^^^^^^^^^^^^^^^^^^^^^^^^^^^^^^
OSError: [Errno 231] CreateNamedPipe
[STAFF] 2026-10-01 00:16:30,884 [WARNING] STAFF pipe reconnect: [Errno 231] CreateNamedPipe
Traceback (most recent call last):
  File "program\event_pipe_host.py", line 101, in _run
    if not handle or handle==ctypes.c_void_p(-1).value:raise OSError(ctypes.get_last_error(),'CreateNamedPipe')
                                                       ^^^^^^^^^^^^^^^^^^^^^^^^^^^^^^^^^^^^^^^^^^^^^^^^^^^^^^^^
OSError: [Errno 231] CreateNamedPipe
[STAFF] 2026-10-01 00:16:31,085 [WARNING] STAFF pipe reconnect: [Errno 231] CreateNamedPipe
Traceback (most recent call last):
  File "program\event_pipe_host.py", line 101, in _run
    if not handle or handle==ctypes.c_void_p(-1).value:raise OSError(ctypes.get_last_error(),'CreateNamedPipe')
                                                       ^^^^^^^^^^^^^^^^^^^^^^^^^^^^^^^^^^^^^^^^^^^^^^^^^^^^^^^^
OSError: [Errno 231] CreateNamedPipe
[STAFF] 2026-10-01 00:16:31,287 [WARNING] STAFF pipe reconnect: [Errno 231] CreateNamedPipe
Traceback (most recent call last):
  File "program\event_pipe_host.py", line 101, in _run
    if not handle or handle==ctypes.c_void_p(-1).value:raise OSError(ctypes.get_last_error(),'CreateNamedPipe')
                                                       ^^^^^^^^^^^^^^^^^^^^^^^^^^^^^^^^^^^^^^^^^^^^^^^^^^^^^^^^
OSError: [Errno 231] CreateNamedPipe
[STAFF] 2026-10-01 00:16:31,488 [WARNING] STAFF pipe reconnect: [Errno 231] CreateNamedPipe
Traceback (most recent call last):
  File "program\event_pipe_host.py", line 101, in _run
    if not handle or handle==ctypes.c_void_p(-1).value:raise OSError(ctypes.get_last_error(),'CreateNamedPipe')
                                                       ^^^^^^^^^^^^^^^^^^^^^^^^^^^^^^^^^^^^^^^^^^^^^^^^^^^^^^^^
OSError: [Errno 231] CreateNamedPipe
[STAFF] 2026-10-01 00:16:31,688 [WARNING] STAFF pipe reconnect: [Errno 231] CreateNamedPipe
Traceback (most recent call last):
  File "program\event_pipe_host.py", line 101, in _run
    if not handle or handle==ctypes.c_void_p(-1).value:raise OSError(ctypes.get_last_error(),'CreateNamedPipe')
                                                       ^^^^^^^^^^^^^^^^^^^^^^^^^^^^^^^^^^^^^^^^^^^^^^^^^^^^^^^^
OSError: [Errno 231] CreateNamedPipe
[STAFF] 2026-10-01 00:16:31,889 [WARNING] STAFF pipe reconnect: [Errno 231] CreateNamedPipe
Traceback (most recent call last):
  File "program\event_pipe_host.py", line 101, in _run
    if not handle or handle==ctypes.c_void_p(-1).value:raise OSError(ctypes.get_last_error(),'CreateNamedPipe')
                                                       ^^^^^^^^^^^^^^^^^^^^^^^^^^^^^^^^^^^^^^^^^^^^^^^^^^^^^^^^
OSError: [Errno 231] CreateNamedPipe
[STAFF] 2026-10-01 00:16:32,090 [WARNING] STAFF pipe reconnect: [Errno 231] CreateNamedPipe
Traceback (most recent call last):
  File "program\event_pipe_host.py", line 101, in _run
    if not handle or handle==ctypes.c_void_p(-1).value:raise OSError(ctypes.get_last_error(),'CreateNamedPipe')
                                                       ^^^^^^^^^^^^^^^^^^^^^^^^^^^^^^^^^^^^^^^^^^^^^^^^^^^^^^^^
OSError: [Errno 231] CreateNamedPipe
[STAFF] 2026-10-01 00:16:32,291 [WARNING] STAFF pipe reconnect: [Errno 231] CreateNamedPipe
Traceback (most recent call last):
  File "program\event_pipe_host.py", line 101, in _run
    if not handle or handle==ctypes.c_void_p(-1).value:raise OSError(ctypes.get_last_error(),'CreateNamedPipe')
                                                       ^^^^^^^^^^^^^^^^^^^^^^^^^^^^^^^^^^^^^^^^^^^^^^^^^^^^^^^^
OSError: [Errno 231] CreateNamedPipe
[STAFF] 2026-10-01 00:16:32,492 [WARNING] STAFF pipe reconnect: [Errno 231] CreateNamedPipe
Traceback (most recent call last):
  File "program\event_pipe_host.py", line 101, in _run
    if not handle or handle==ctypes.c_void_p(-1).value:raise OSError(ctypes.get_last_error(),'CreateNamedPipe')
                                                       ^^^^^^^^^^^^^^^^^^^^^^^^^^^^^^^^^^^^^^^^^^^^^^^^^^^^^^^^
OSError: [Errno 231] CreateNamedPipe
[STAFF] 2026-10-01 00:16:32,694 [WARNING] STAFF pipe reconnect: [Errno 231] CreateNamedPipe
Traceback (most recent call last):
  File "program\event_pipe_host.py", line 101, in _run
    if not handle or handle==ctypes.c_void_p(-1).value:raise OSError(ctypes.get_last_error(),'CreateNamedPipe')
                                                       ^^^^^^^^^^^^^^^^^^^^^^^^^^^^^^^^^^^^^^^^^^^^^^^^^^^^^^^^
OSError: [Errno 231] CreateNamedPipe
[STAFF] 2026-10-01 00:16:32,895 [WARNING] STAFF pipe reconnect: [Errno 231] CreateNamedPipe
Traceback (most recent call last):
  File "program\event_pipe_host.py", line 101, in _run
    if not handle or handle==ctypes.c_void_p(-1).value:raise OSError(ctypes.get_last_error(),'CreateNamedPipe')
                                                       ^^^^^^^^^^^^^^^^^^^^^^^^^^^^^^^^^^^^^^^^^^^^^^^^^^^^^^^^
OSError: [Errno 231] CreateNamedPipe
[STAFF] 2026-10-01 00:16:33,097 [WARNING] STAFF pipe reconnect: [Errno 231] CreateNamedPipe
Traceback (most recent call last):
  File "program\event_pipe_host.py", line 101, in _run
    if not handle or handle==ctypes.c_void_p(-1).value:raise OSError(ctypes.get_last_error(),'CreateNamedPipe')
                                                       ^^^^^^^^^^^^^^^^^^^^^^^^^^^^^^^^^^^^^^^^^^^^^^^^^^^^^^^^
OSError: [Errno 231] CreateNamedPipe
[STAFF] 2026-10-01 00:16:33,297 [WARNING] STAFF pipe reconnect: [Errno 231] CreateNamedPipe
Traceback (most recent call last):
  File "program\event_pipe_host.py", line 101, in _run
    if not handle or handle==ctypes.c_void_p(-1).value:raise OSError(ctypes.get_last_error(),'CreateNamedPipe')
                                                       ^^^^^^^^^^^^^^^^^^^^^^^^^^^^^^^^^^^^^^^^^^^^^^^^^^^^^^^^
OSError: [Errno 231] CreateNamedPipe
[STAFF] 2026-10-01 00:16:33,498 [WARNING] STAFF pipe reconnect: [Errno 231] CreateNamedPipe
Traceback (most recent call last):
  File "program\event_pipe_host.py", line 101, in _run
    if not handle or handle==ctypes.c_void_p(-1).value:raise OSError(ctypes.get_last_error(),'CreateNamedPipe')
                                                       ^^^^^^^^^^^^^^^^^^^^^^^^^^^^^^^^^^^^^^^^^^^^^^^^^^^^^^^^
OSError: [Errno 231] CreateNamedPipe
[STAFF] 2026-10-01 00:16:33,698 [WARNING] STAFF pipe reconnect: [Errno 231] CreateNamedPipe
Traceback (most recent call last):
  File "program\event_pipe_host.py", line 101, in _run
    if not handle or handle==ctypes.c_void_p(-1).value:raise OSError(ctypes.get_last_error(),'CreateNamedPipe')
                                                       ^^^^^^^^^^^^^^^^^^^^^^^^^^^^^^^^^^^^^^^^^^^^^^^^^^^^^^^^
OSError: [Errno 231] CreateNamedPipe
[STAFF] 2026-10-01 00:16:33,899 [WARNING] STAFF pipe reconnect: [Errno 231] CreateNamedPipe
Traceback (most recent call last):
  File "program\event_pipe_host.py", line 101, in _run
    if not handle or handle==ctypes.c_void_p(-1).value:raise OSError(ctypes.get_last_error(),'CreateNamedPipe')
                                                       ^^^^^^^^^^^^^^^^^^^^^^^^^^^^^^^^^^^^^^^^^^^^^^^^^^^^^^^^
OSError: [Errno 231] CreateNamedPipe
[STAFF] 2026-10-01 00:16:34,099 [WARNING] STAFF pipe reconnect: [Errno 231] CreateNamedPipe
Traceback (most recent call last):
  File "program\event_pipe_host.py", line 101, in _run
    if not handle or handle==ctypes.c_void_p(-1).value:raise OSError(ctypes.get_last_error(),'CreateNamedPipe')
                                                       ^^^^^^^^^^^^^^^^^^^^^^^^^^^^^^^^^^^^^^^^^^^^^^^^^^^^^^^^
OSError: [Errno 231] CreateNamedPipe
[STAFF] 2026-10-01 00:16:34,300 [WARNING] STAFF pipe reconnect: [Errno 231] CreateNamedPipe
Traceback (most recent call last):
  File "program\event_pipe_host.py", line 101, in _run
    if not handle or handle==ctypes.c_void_p(-1).value:raise OSError(ctypes.get_last_error(),'CreateNamedPipe')
                                                       ^^^^^^^^^^^^^^^^^^^^^^^^^^^^^^^^^^^^^^^^^^^^^^^^^^^^^^^^
OSError: [Errno 231] CreateNamedPipe
[STAFF] 2026-10-01 00:16:34,500 [WARNING] STAFF pipe reconnect: [Errno 231] CreateNamedPipe
Traceback (most recent call last):
  File "program\event_pipe_host.py", line 101, in _run
    if not handle or handle==ctypes.c_void_p(-1).value:raise OSError(ctypes.get_last_error(),'CreateNamedPipe')
                                                       ^^^^^^^^^^^^^^^^^^^^^^^^^^^^^^^^^^^^^^^^^^^^^^^^^^^^^^^^
OSError: [Errno 231] CreateNamedPipe
[STAFF] 2026-10-01 00:16:34,701 [WARNING] STAFF pipe reconnect: [Errno 231] CreateNamedPipe
Traceback (most recent call last):
  File "program\event_pipe_host.py", line 101, in _run
    if not handle or handle==ctypes.c_void_p(-1).value:raise OSError(ctypes.get_last_error(),'CreateNamedPipe')
                                                       ^^^^^^^^^^^^^^^^^^^^^^^^^^^^^^^^^^^^^^^^^^^^^^^^^^^^^^^^
OSError: [Errno 231] CreateNamedPipe
[STAFF] 2026-10-01 00:16:34,902 [WARNING] STAFF pipe reconnect: [Errno 231] CreateNamedPipe
Traceback (most recent call last):
  File "program\event_pipe_host.py", line 101, in _run
    if not handle or handle==ctypes.c_void_p(-1).value:raise OSError(ctypes.get_last_error(),'CreateNamedPipe')
                                                       ^^^^^^^^^^^^^^^^^^^^^^^^^^^^^^^^^^^^^^^^^^^^^^^^^^^^^^^^
OSError: [Errno 231] CreateNamedPipe
[STAFF] 2026-10-01 00:16:35,102 [WARNING] STAFF pipe reconnect: [Errno 231] CreateNamedPipe
Traceback (most recent call last):
  File "program\event_pipe_host.py", line 101, in _run
    if not handle or handle==ctypes.c_void_p(-1).value:raise OSError(ctypes.get_last_error(),'CreateNamedPipe')
                                                       ^^^^^^^^^^^^^^^^^^^^^^^^^^^^^^^^^^^^^^^^^^^^^^^^^^^^^^^^
OSError: [Errno 231] CreateNamedPipe
[STAFF] 2026-10-01 00:16:35,302 [WARNING] STAFF pipe reconnect: [Errno 231] CreateNamedPipe
Traceback (most recent call last):
  File "program\event_pipe_host.py", line 101, in _run
    if not handle or handle==ctypes.c_void_p(-1).value:raise OSError(ctypes.get_last_error(),'CreateNamedPipe')
                                                       ^^^^^^^^^^^^^^^^^^^^^^^^^^^^^^^^^^^^^^^^^^^^^^^^^^^^^^^^
OSError: [Errno 231] CreateNamedPipe
[STAFF] 2026-10-01 00:16:35,503 [WARNING] STAFF pipe reconnect: [Errno 231] CreateNamedPipe
Traceback (most recent call last):
  File "program\event_pipe_host.py", line 101, in _run
    if not handle or handle==ctypes.c_void_p(-1).value:raise OSError(ctypes.get_last_error(),'CreateNamedPipe')
                                                       ^^^^^^^^^^^^^^^^^^^^^^^^^^^^^^^^^^^^^^^^^^^^^^^^^^^^^^^^
OSError: [Errno 231] CreateNamedPipe
[STAFF] 2026-10-01 00:16:35,704 [WARNING] STAFF pipe reconnect: [Errno 231] CreateNamedPipe
Traceback (most recent call last):
  File "program\event_pipe_host.py", line 101, in _run
    if not handle or handle==ctypes.c_void_p(-1).value:raise OSError(ctypes.get_last_error(),'CreateNamedPipe')
                                                       ^^^^^^^^^^^^^^^^^^^^^^^^^^^^^^^^^^^^^^^^^^^^^^^^^^^^^^^^
OSError: [Errno 231] CreateNamedPipe
[STAFF] 2026-10-01 00:16:35,905 [WARNING] STAFF pipe reconnect: [Errno 231] CreateNamedPipe
Traceback (most recent call last):
  File "program\event_pipe_host.py", line 101, in _run
    if not handle or handle==ctypes.c_void_p(-1).value:raise OSError(ctypes.get_last_error(),'CreateNamedPipe')
                                                       ^^^^^^^^^^^^^^^^^^^^^^^^^^^^^^^^^^^^^^^^^^^^^^^^^^^^^^^^
OSError: [Errno 231] CreateNamedPipe
[STAFF] 2026-10-01 00:16:36,106 [WARNING] STAFF pipe reconnect: [Errno 231] CreateNamedPipe
Traceback (most recent call last):
  File "program\event_pipe_host.py", line 101, in _run
    if not handle or handle==ctypes.c_void_p(-1).value:raise OSError(ctypes.get_last_error(),'CreateNamedPipe')
                                                       ^^^^^^^^^^^^^^^^^^^^^^^^^^^^^^^^^^^^^^^^^^^^^^^^^^^^^^^^
OSError: [Errno 231] CreateNamedPipe
[STAFF] 2026-10-01 00:16:36,307 [WARNING] STAFF pipe reconnect: [Errno 231] CreateNamedPipe
Traceback (most recent call last):
  File "program\event_pipe_host.py", line 101, in _run
    if not handle or handle==ctypes.c_void_p(-1).value:raise OSError(ctypes.get_last_error(),'CreateNamedPipe')
                                                       ^^^^^^^^^^^^^^^^^^^^^^^^^^^^^^^^^^^^^^^^^^^^^^^^^^^^^^^^
OSError: [Errno 231] CreateNamedPipe
[STAFF] 2026-10-01 00:16:36,508 [WARNING] STAFF pipe reconnect: [Errno 231] CreateNamedPipe
Traceback (most recent call last):
  File "program\event_pipe_host.py", line 101, in _run
    if not handle or handle==ctypes.c_void_p(-1).value:raise OSError(ctypes.get_last_error(),'CreateNamedPipe')
                                                       ^^^^^^^^^^^^^^^^^^^^^^^^^^^^^^^^^^^^^^^^^^^^^^^^^^^^^^^^
OSError: [Errno 231] CreateNamedPipe
[STAFF] 2026-10-01 00:16:36,710 [WARNING] STAFF pipe reconnect: [Errno 231] CreateNamedPipe
Traceback (most recent call last):
  File "program\event_pipe_host.py", line 101, in _run
    if not handle or handle==ctypes.c_void_p(-1).value:raise OSError(ctypes.get_last_error(),'CreateNamedPipe')
                                                       ^^^^^^^^^^^^^^^^^^^^^^^^^^^^^^^^^^^^^^^^^^^^^^^^^^^^^^^^
OSError: [Errno 231] CreateNamedPipe
[STAFF] 2026-10-01 00:16:36,911 [WARNING] STAFF pipe reconnect: [Errno 231] CreateNamedPipe
Traceback (most recent call last):
  File "program\event_pipe_host.py", line 101, in _run
    if not handle or handle==ctypes.c_void_p(-1).value:raise OSError(ctypes.get_last_error(),'CreateNamedPipe')
                                                       ^^^^^^^^^^^^^^^^^^^^^^^^^^^^^^^^^^^^^^^^^^^^^^^^^^^^^^^^
OSError: [Errno 231] CreateNamedPipe
[STAFF] 2026-10-01 00:16:37,112 [WARNING] STAFF pipe reconnect: [Errno 231] CreateNamedPipe
Traceback (most recent call last):
  File "program\event_pipe_host.py", line 101, in _run
    if not handle or handle==ctypes.c_void_p(-1).value:raise OSError(ctypes.get_last_error(),'CreateNamedPipe')
                                                       ^^^^^^^^^^^^^^^^^^^^^^^^^^^^^^^^^^^^^^^^^^^^^^^^^^^^^^^^
OSError: [Errno 231] CreateNamedPipe
[STAFF] 2026-10-01 00:16:37,314 [WARNING] STAFF pipe reconnect: [Errno 231] CreateNamedPipe
Traceback (most recent call last):
  File "program\event_pipe_host.py", line 101, in _run
    if not handle or handle==ctypes.c_void_p(-1).value:raise OSError(ctypes.get_last_error(),'CreateNamedPipe')
                                                       ^^^^^^^^^^^^^^^^^^^^^^^^^^^^^^^^^^^^^^^^^^^^^^^^^^^^^^^^
OSError: [Errno 231] CreateNamedPipe
[STAFF] 2026-10-01 00:16:37,514 [WARNING] STAFF pipe reconnect: [Errno 231] CreateNamedPipe
Traceback (most recent call last):
  File "program\event_pipe_host.py", line 101, in _run
    if not handle or handle==ctypes.c_void_p(-1).value:raise OSError(ctypes.get_last_error(),'CreateNamedPipe')
                                                       ^^^^^^^^^^^^^^^^^^^^^^^^^^^^^^^^^^^^^^^^^^^^^^^^^^^^^^^^
OSError: [Errno 231] CreateNamedPipe
[STAFF] 2026-10-01 00:16:37,714 [WARNING] STAFF pipe reconnect: [Errno 231] CreateNamedPipe
Traceback (most recent call last):
  File "program\event_pipe_host.py", line 101, in _run
    if not handle or handle==ctypes.c_void_p(-1).value:raise OSError(ctypes.get_last_error(),'CreateNamedPipe')
                                                       ^^^^^^^^^^^^^^^^^^^^^^^^^^^^^^^^^^^^^^^^^^^^^^^^^^^^^^^^
OSError: [Errno 231] CreateNamedPipe
[STAFF] 2026-10-01 00:16:37,915 [WARNING] STAFF pipe reconnect: [Errno 231] CreateNamedPipe
Traceback (most recent call last):
  File "program\event_pipe_host.py", line 101, in _run
    if not handle or handle==ctypes.c_void_p(-1).value:raise OSError(ctypes.get_last_error(),'CreateNamedPipe')
                                                       ^^^^^^^^^^^^^^^^^^^^^^^^^^^^^^^^^^^^^^^^^^^^^^^^^^^^^^^^
OSError: [Errno 231] CreateNamedPipe
[STAFF] 2026-10-01 00:16:38,116 [WARNING] STAFF pipe reconnect: [Errno 231] CreateNamedPipe
Traceback (most recent call last):
  File "program\event_pipe_host.py", line 101, in _run
    if not handle or handle==ctypes.c_void_p(-1).value:raise OSError(ctypes.get_last_error(),'CreateNamedPipe')
                                                       ^^^^^^^^^^^^^^^^^^^^^^^^^^^^^^^^^^^^^^^^^^^^^^^^^^^^^^^^
OSError: [Errno 231] CreateNamedPipe
[STAFF] 2026-10-01 00:16:38,316 [WARNING] STAFF pipe reconnect: [Errno 231] CreateNamedPipe
Traceback (most recent call last):
  File "program\event_pipe_host.py", line 101, in _run
    if not handle or handle==ctypes.c_void_p(-1).value:raise OSError(ctypes.get_last_error(),'CreateNamedPipe')
                                                       ^^^^^^^^^^^^^^^^^^^^^^^^^^^^^^^^^^^^^^^^^^^^^^^^^^^^^^^^
OSError: [Errno 231] CreateNamedPipe
[STAFF] 2026-10-01 00:16:38,517 [WARNING] STAFF pipe reconnect: [Errno 231] CreateNamedPipe
Traceback (most recent call last):
  File "program\event_pipe_host.py", line 101, in _run
    if not handle or handle==ctypes.c_void_p(-1).value:raise OSError(ctypes.get_last_error(),'CreateNamedPipe')
                                                       ^^^^^^^^^^^^^^^^^^^^^^^^^^^^^^^^^^^^^^^^^^^^^^^^^^^^^^^^
OSError: [Errno 231] CreateNamedPipe
[STAFF] 2026-10-01 00:16:38,718 [WARNING] STAFF pipe reconnect: [Errno 231] CreateNamedPipe
Traceback (most recent call last):
  File "program\event_pipe_host.py", line 101, in _run
    if not handle or handle==ctypes.c_void_p(-1).value:raise OSError(ctypes.get_last_error(),'CreateNamedPipe')
                                                       ^^^^^^^^^^^^^^^^^^^^^^^^^^^^^^^^^^^^^^^^^^^^^^^^^^^^^^^^
OSError: [Errno 231] CreateNamedPipe
[STAFF] 2026-10-01 00:16:38,918 [WARNING] STAFF pipe reconnect: [Errno 231] CreateNamedPipe
Traceback (most recent call last):
  File "program\event_pipe_host.py", line 101, in _run
    if not handle or handle==ctypes.c_void_p(-1).value:raise OSError(ctypes.get_last_error(),'CreateNamedPipe')
                                                       ^^^^^^^^^^^^^^^^^^^^^^^^^^^^^^^^^^^^^^^^^^^^^^^^^^^^^^^^
OSError: [Errno 231] CreateNamedPipe
[STAFF] 2026-10-01 00:16:39,119 [WARNING] STAFF pipe reconnect: [Errno 231] CreateNamedPipe
Traceback (most recent call last):
  File "program\event_pipe_host.py", line 101, in _run
    if not handle or handle==ctypes.c_void_p(-1).value:raise OSError(ctypes.get_last_error(),'CreateNamedPipe')
                                                       ^^^^^^^^^^^^^^^^^^^^^^^^^^^^^^^^^^^^^^^^^^^^^^^^^^^^^^^^
OSError: [Errno 231] CreateNamedPipe
[STAFF] 2026-10-01 00:16:39,320 [WARNING] STAFF pipe reconnect: [Errno 231] CreateNamedPipe
Traceback (most recent call last):
  File "program\event_pipe_host.py", line 101, in _run
    if not handle or handle==ctypes.c_void_p(-1).value:raise OSError(ctypes.get_last_error(),'CreateNamedPipe')
                                                       ^^^^^^^^^^^^^^^^^^^^^^^^^^^^^^^^^^^^^^^^^^^^^^^^^^^^^^^^
OSError: [Errno 231] CreateNamedPipe
[STAFF] 2026-10-01 00:16:39,521 [WARNING] STAFF pipe reconnect: [Errno 231] CreateNamedPipe
Traceback (most recent call last):
  File "program\event_pipe_host.py", line 101, in _run
    if not handle or handle==ctypes.c_void_p(-1).value:raise OSError(ctypes.get_last_error(),'CreateNamedPipe')
                                                       ^^^^^^^^^^^^^^^^^^^^^^^^^^^^^^^^^^^^^^^^^^^^^^^^^^^^^^^^
OSError: [Errno 231] CreateNamedPipe
[STAFF] 2026-10-01 00:16:39,722 [WARNING] STAFF pipe reconnect: [Errno 231] CreateNamedPipe
Traceback (most recent call last):
  File "program\event_pipe_host.py", line 101, in _run
    if not handle or handle==ctypes.c_void_p(-1).value:raise OSError(ctypes.get_last_error(),'CreateNamedPipe')
                                                       ^^^^^^^^^^^^^^^^^^^^^^^^^^^^^^^^^^^^^^^^^^^^^^^^^^^^^^^^
OSError: [Errno 231] CreateNamedPipe
[STAFF] 2026-10-01 00:16:39,923 [WARNING] STAFF pipe reconnect: [Errno 231] CreateNamedPipe
Traceback (most recent call last):
  File "program\event_pipe_host.py", line 101, in _run
    if not handle or handle==ctypes.c_void_p(-1).value:raise OSError(ctypes.get_last_error(),'CreateNamedPipe')
                                                       ^^^^^^^^^^^^^^^^^^^^^^^^^^^^^^^^^^^^^^^^^^^^^^^^^^^^^^^^
OSError: [Errno 231] CreateNamedPipe
[STAFF] 2026-10-01 00:16:40,124 [WARNING] STAFF pipe reconnect: [Errno 231] CreateNamedPipe
Traceback (most recent call last):
  File "program\event_pipe_host.py", line 101, in _run
    if not handle or handle==ctypes.c_void_p(-1).value:raise OSError(ctypes.get_last_error(),'CreateNamedPipe')
                                                       ^^^^^^^^^^^^^^^^^^^^^^^^^^^^^^^^^^^^^^^^^^^^^^^^^^^^^^^^
OSError: [Errno 231] CreateNamedPipe
[STAFF] 2026-10-01 00:16:40,324 [WARNING] STAFF pipe reconnect: [Errno 231] CreateNamedPipe
Traceback (most recent call last):
  File "program\event_pipe_host.py", line 101, in _run
    if not handle or handle==ctypes.c_void_p(-1).value:raise OSError(ctypes.get_last_error(),'CreateNamedPipe')
                                                       ^^^^^^^^^^^^^^^^^^^^^^^^^^^^^^^^^^^^^^^^^^^^^^^^^^^^^^^^
OSError: [Errno 231] CreateNamedPipe
[STAFF] 2026-10-01 00:16:40,524 [WARNING] STAFF pipe reconnect: [Errno 231] CreateNamedPipe
Traceback (most recent call last):
  File "program\event_pipe_host.py", line 101, in _run
    if not handle or handle==ctypes.c_void_p(-1).value:raise OSError(ctypes.get_last_error(),'CreateNamedPipe')
                                                       ^^^^^^^^^^^^^^^^^^^^^^^^^^^^^^^^^^^^^^^^^^^^^^^^^^^^^^^^
OSError: [Errno 231] CreateNamedPipe
[STAFF] 2026-10-01 00:16:40,724 [WARNING] STAFF pipe reconnect: [Errno 231] CreateNamedPipe
Traceback (most recent call last):
  File "program\event_pipe_host.py", line 101, in _run
    if not handle or handle==ctypes.c_void_p(-1).value:raise OSError(ctypes.get_last_error(),'CreateNamedPipe')
                                                       ^^^^^^^^^^^^^^^^^^^^^^^^^^^^^^^^^^^^^^^^^^^^^^^^^^^^^^^^
OSError: [Errno 231] CreateNamedPipe
[STAFF] 2026-10-01 00:16:40,925 [WARNING] STAFF pipe reconnect: [Errno 231] CreateNamedPipe
Traceback (most recent call last):
  File "program\event_pipe_host.py", line 101, in _run
    if not handle or handle==ctypes.c_void_p(-1).value:raise OSError(ctypes.get_last_error(),'CreateNamedPipe')
                                                       ^^^^^^^^^^^^^^^^^^^^^^^^^^^^^^^^^^^^^^^^^^^^^^^^^^^^^^^^
OSError: [Errno 231] CreateNamedPipe
[STAFF] 2026-10-01 00:16:41,126 [WARNING] STAFF pipe reconnect: [Errno 231] CreateNamedPipe
Traceback (most recent call last):
  File "program\event_pipe_host.py", line 101, in _run
    if not handle or handle==ctypes.c_void_p(-1).value:raise OSError(ctypes.get_last_error(),'CreateNamedPipe')
                                                       ^^^^^^^^^^^^^^^^^^^^^^^^^^^^^^^^^^^^^^^^^^^^^^^^^^^^^^^^
OSError: [Errno 231] CreateNamedPipe
[STAFF] 2026-10-01 00:16:41,327 [WARNING] STAFF pipe reconnect: [Errno 231] CreateNamedPipe
Traceback (most recent call last):
  File "program\event_pipe_host.py", line 101, in _run
    if not handle or handle==ctypes.c_void_p(-1).value:raise OSError(ctypes.get_last_error(),'CreateNamedPipe')
                                                       ^^^^^^^^^^^^^^^^^^^^^^^^^^^^^^^^^^^^^^^^^^^^^^^^^^^^^^^^
OSError: [Errno 231] CreateNamedPipe
[STAFF] 2026-10-01 00:16:41,528 [WARNING] STAFF pipe reconnect: [Errno 231] CreateNamedPipe
Traceback (most recent call last):
  File "program\event_pipe_host.py", line 101, in _run
    if not handle or handle==ctypes.c_void_p(-1).value:raise OSError(ctypes.get_last_error(),'CreateNamedPipe')
                                                       ^^^^^^^^^^^^^^^^^^^^^^^^^^^^^^^^^^^^^^^^^^^^^^^^^^^^^^^^
OSError: [Errno 231] CreateNamedPipe
[STAFF] 2026-10-01 00:16:41,728 [WARNING] STAFF pipe reconnect: [Errno 231] CreateNamedPipe
Traceback (most recent call last):
  File "program\event_pipe_host.py", line 101, in _run
    if not handle or handle==ctypes.c_void_p(-1).value:raise OSError(ctypes.get_last_error(),'CreateNamedPipe')
                                                       ^^^^^^^^^^^^^^^^^^^^^^^^^^^^^^^^^^^^^^^^^^^^^^^^^^^^^^^^
OSError: [Errno 231] CreateNamedPipe
[STAFF] 2026-10-01 00:16:41,928 [WARNING] STAFF pipe reconnect: [Errno 231] CreateNamedPipe
Traceback (most recent call last):
  File "program\event_pipe_host.py", line 101, in _run
    if not handle or handle==ctypes.c_void_p(-1).value:raise OSError(ctypes.get_last_error(),'CreateNamedPipe')
                                                       ^^^^^^^^^^^^^^^^^^^^^^^^^^^^^^^^^^^^^^^^^^^^^^^^^^^^^^^^
OSError: [Errno 231] CreateNamedPipe
[STAFF] 2026-10-01 00:16:42,128 [WARNING] STAFF pipe reconnect: [Errno 231] CreateNamedPipe
Traceback (most recent call last):
  File "program\event_pipe_host.py", line 101, in _run
    if not handle or handle==ctypes.c_void_p(-1).value:raise OSError(ctypes.get_last_error(),'CreateNamedPipe')
                                                       ^^^^^^^^^^^^^^^^^^^^^^^^^^^^^^^^^^^^^^^^^^^^^^^^^^^^^^^^
OSError: [Errno 231] CreateNamedPipe
[STAFF] 2026-10-01 00:16:42,329 [WARNING] STAFF pipe reconnect: [Errno 231] CreateNamedPipe
Traceback (most recent call last):
  File "program\event_pipe_host.py", line 101, in _run
    if not handle or handle==ctypes.c_void_p(-1).value:raise OSError(ctypes.get_last_error(),'CreateNamedPipe')
                                                       ^^^^^^^^^^^^^^^^^^^^^^^^^^^^^^^^^^^^^^^^^^^^^^^^^^^^^^^^
OSError: [Errno 231] CreateNamedPipe
[STAFF] 2026-10-01 00:16:42,529 [WARNING] STAFF pipe reconnect: [Errno 231] CreateNamedPipe
Traceback (most recent call last):
  File "program\event_pipe_host.py", line 101, in _run
    if not handle or handle==ctypes.c_void_p(-1).value:raise OSError(ctypes.get_last_error(),'CreateNamedPipe')
                                                       ^^^^^^^^^^^^^^^^^^^^^^^^^^^^^^^^^^^^^^^^^^^^^^^^^^^^^^^^
OSError: [Errno 231] CreateNamedPipe
[STAFF] 2026-10-01 00:16:42,730 [WARNING] STAFF pipe reconnect: [Errno 231] CreateNamedPipe
Traceback (most recent call last):
  File "program\event_pipe_host.py", line 101, in _run
    if not handle or handle==ctypes.c_void_p(-1).value:raise OSError(ctypes.get_last_error(),'CreateNamedPipe')
                                                       ^^^^^^^^^^^^^^^^^^^^^^^^^^^^^^^^^^^^^^^^^^^^^^^^^^^^^^^^
OSError: [Errno 231] CreateNamedPipe
[STAFF] 2026-10-01 00:16:42,930 [WARNING] STAFF pipe reconnect: [Errno 231] CreateNamedPipe
Traceback (most recent call last):
  File "program\event_pipe_host.py", line 101, in _run
    if not handle or handle==ctypes.c_void_p(-1).value:raise OSError(ctypes.get_last_error(),'CreateNamedPipe')
                                                       ^^^^^^^^^^^^^^^^^^^^^^^^^^^^^^^^^^^^^^^^^^^^^^^^^^^^^^^^
OSError: [Errno 231] CreateNamedPipe
[STAFF] 2026-10-01 00:16:43,131 [WARNING] STAFF pipe reconnect: [Errno 231] CreateNamedPipe
Traceback (most recent call last):
  File "program\event_pipe_host.py", line 101, in _run
    if not handle or handle==ctypes.c_void_p(-1).value:raise OSError(ctypes.get_last_error(),'CreateNamedPipe')
                                                       ^^^^^^^^^^^^^^^^^^^^^^^^^^^^^^^^^^^^^^^^^^^^^^^^^^^^^^^^
OSError: [Errno 231] CreateNamedPipe
[STAFF] 2026-10-01 00:16:43,332 [WARNING] STAFF pipe reconnect: [Errno 231] CreateNamedPipe
Traceback (most recent call last):
  File "program\event_pipe_host.py", line 101, in _run
    if not handle or handle==ctypes.c_void_p(-1).value:raise OSError(ctypes.get_last_error(),'CreateNamedPipe')
                                                       ^^^^^^^^^^^^^^^^^^^^^^^^^^^^^^^^^^^^^^^^^^^^^^^^^^^^^^^^
OSError: [Errno 231] CreateNamedPipe
[STAFF] 2026-10-01 00:16:43,532 [WARNING] STAFF pipe reconnect: [Errno 231] CreateNamedPipe
Traceback (most recent call last):
  File "program\event_pipe_host.py", line 101, in _run
    if not handle or handle==ctypes.c_void_p(-1).value:raise OSError(ctypes.get_last_error(),'CreateNamedPipe')
                                                       ^^^^^^^^^^^^^^^^^^^^^^^^^^^^^^^^^^^^^^^^^^^^^^^^^^^^^^^^
OSError: [Errno 231] CreateNamedPipe
[STAFF] 2026-10-01 00:16:43,733 [WARNING] STAFF pipe reconnect: [Errno 231] CreateNamedPipe
Traceback (most recent call last):
  File "program\event_pipe_host.py", line 101, in _run
    if not handle or handle==ctypes.c_void_p(-1).value:raise OSError(ctypes.get_last_error(),'CreateNamedPipe')
                                                       ^^^^^^^^^^^^^^^^^^^^^^^^^^^^^^^^^^^^^^^^^^^^^^^^^^^^^^^^
OSError: [Errno 231] CreateNamedPipe
[STAFF] 2026-10-01 00:16:43,934 [WARNING] STAFF pipe reconnect: [Errno 231] CreateNamedPipe
Traceback (most recent call last):
  File "program\event_pipe_host.py", line 101, in _run
    if not handle or handle==ctypes.c_void_p(-1).value:raise OSError(ctypes.get_last_error(),'CreateNamedPipe')
                                                       ^^^^^^^^^^^^^^^^^^^^^^^^^^^^^^^^^^^^^^^^^^^^^^^^^^^^^^^^
OSError: [Errno 231] CreateNamedPipe
[STAFF] 2026-10-01 23:12:31,074 [WARNING] 입력 상태 · XAUUSD+ · UNAVAILABLE
[STAFF] 2026-10-01 23:12:31,075 [WARNING] 입력 상태 · NAS100 · UNAVAILABLE
